Date,Close
,META
2012-05-18,38.02141189575195
2012-05-21,33.84432601928711
2012-05-22,30.830862045288086
2012-05-23,31.82540512084961
2012-05-24,32.84978103637695
2012-05-25,31.73589515686035
2012-05-29,28.682641983032227
2012-05-30,28.03619384765625
2012-05-31,29.43849754333496
2012-06-01,27.568756103515625
2012-06-04,26.753231048583984
2012-06-05,25.728849411010742
2012-06-06,26.663721084594727
2012-06-07,26.16644859313965
2012-06-08,26.952138900756836
2012-06-11,26.862632751464844
2012-06-12,27.25050163269043
2012-06-13,27.121212005615234
2012-06-14,28.135648727416992
2012-06-15,29.846263885498047
2012-06-18,31.23862075805664
2012-06-19,31.73589515686035
2012-06-20,31.427587509155273
2012-06-21,31.66628074645996
2012-06-22,32.86967468261719
2012-06-25,31.88507843017578
2012-06-26,32.91939926147461
2012-06-27,32.05414962768555
2012-06-28,31.188894271850586
2012-06-29,30.930315017700195
2012-07-02,30.60211753845215
2012-07-03,31.029767990112305
2012-07-05,31.298294067382812
2012-07-06,31.5568790435791
2012-07-09,31.994470596313477
2012-07-10,31.298294067382812
2012-07-11,30.801023483276367
2012-07-12,30.641897201538086
2012-07-13,30.552387237548828
2012-07-16,28.09586524963379
2012-07-17,27.936737060546875
2012-07-18,28.951173782348633
2012-07-19,28.841773986816406
2012-07-20,28.60308074951172
2012-07-23,28.59313201904297
2012-07-24,28.294775009155273
2012-07-25,29.17991828918457
2012-07-26,26.703502655029297
2012-07-27,23.58063316345215
2012-07-30,23.023691177368164
2012-07-31,21.5915470123291
2012-08-01,20.766075134277344
2012-08-02,19.9306583404541
2012-08-03,20.974929809570312
2012-08-06,21.80040168762207
2012-08-07,20.606950759887695
2012-08-08,20.606950759887695
2012-08-09,20.895368576049805
2012-08-10,21.691001892089844
2012-08-13,21.482149124145508
2012-08-14,20.268802642822266
2012-08-15,21.084331512451172
2012-08-16,19.761587142944336
2012-08-17,18.94605827331543
2012-08-20,19.90082359313965
2012-08-21,19.05545997619629
2012-08-22,19.333934783935547
2012-08-23,19.333934783935547
2012-08-24,19.30409812927246
2012-08-27,19.045515060424805
2012-08-28,19.234477996826172
2012-08-29,18.995786666870117
2012-08-30,18.985841751098633
2012-08-31,17.961462020874023
2012-09-04,17.633264541625977
2012-09-05,18.478628158569336
2012-09-06,18.856550216674805
2012-09-07,18.876441955566406
2012-09-10,18.707368850708008
2012-09-11,19.323989868164062
2012-09-12,20.81580352783203
2012-09-13,20.597002029418945
2012-09-14,21.879966735839844
2012-09-17,21.4025821685791
2012-09-18,21.750675201416016
2012-09-19,23.162927627563477
2012-09-20,22.466745376586914
2012-09-21,22.735273361206055
2012-09-24,20.67656898498535
2012-09-25,20.16935157775879
2012-09-26,20.507495880126953
2012-09-27,20.20913314819336
2012-09-28,21.541820526123047
2012-10-01,21.870019912719727
2012-10-02,22.148494720458984
2012-10-03,21.710891723632812
2012-10-04,21.83024024963379
2012-10-05,20.795909881591797
2012-10-08,20.2886962890625
2012-10-09,20.1196231842041
2012-10-10,19.532840728759766
2012-10-11,19.64223861694336
2012-10-12,19.41349983215332
2012-10-15,19.41349983215332
2012-10-16,19.373714447021484
2012-10-17,19.771530151367188
2012-10-18,18.876441955566406
2012-10-19,18.896333694458008
2012-10-22,19.214588165283203
2012-10-23,19.39360809326172
2012-10-24,23.103254318237305
2012-10-25,22.43691062927246
2012-10-26,21.820293426513672
2012-10-31,20.994821548461914
2012-11-01,21.09427261352539
2012-11-02,21.064441680908203
2012-11-05,21.134057998657227
2012-11-06,21.054494857788086
2012-11-07,20.35831069946289
2012-11-08,19.880931854248047
2012-11-09,19.105186462402344
2012-11-12,19.960494995117188
2012-11-13,19.75164031982422
2012-11-14,22.23800277709961
2012-11-15,22.04903793334961
2012-11-16,23.43145179748535
2012-11-19,22.794944763183594
2012-11-20,22.97396469116211
2012-11-21,24.187305450439453
2012-11-23,23.869050979614258
2012-11-26,25.79846954345703
2012-11-27,26.007322311401367
2012-11-28,26.216176986694336
2012-11-29,27.17093849182129
2012-11-30,27.847227096557617
2012-12-03,26.892465591430664
2012-12-04,27.31017303466797
2012-12-05,27.55881118774414
2012-12-06,26.822847366333008
2012-12-07,27.340011596679688
2012-12-10,27.68810272216797
2012-12-11,27.827335357666016
2012-12-12,27.429521560668945
2012-12-13,28.085920333862305
2012-12-14,26.663721084594727
2012-12-17,26.604049682617188
2012-12-18,27.55881118774414
2012-12-19,27.260448455810547
2012-12-20,27.210723876953125
2012-12-21,26.116722106933594
2012-12-24,26.783065795898438
2012-12-26,26.365358352661133
2012-12-27,25.907867431640625
2012-12-28,25.768630981445312
2012-12-31,26.47475814819336
2013-01-02,27.847227096557617
2013-01-03,27.61848258972168
2013-01-04,28.60308074951172
2013-01-07,29.259479522705078
2013-01-08,28.901443481445312
2013-01-09,30.423095703125
2013-01-10,31.129220962524414
2013-01-11,31.54693031311035
2013-01-14,30.78113555908203
2013-01-15,29.935771942138672
2013-01-16,29.687137603759766
2013-01-17,29.97555160522461
2013-01-18,29.498170852661133
2013-01-22,30.562334060668945
2013-01-23,30.65184211730957
2013-01-24,30.910423278808594
2013-01-25,31.3679141998291
2013-01-28,32.29283905029297
2013-01-29,30.622007369995117
2013-01-30,31.069547653198242
2013-01-31,30.81096839904785
2013-02-01,29.567787170410156
2013-02-04,27.956628799438477
2013-02-05,28.483736038208008
2013-02-06,28.89150047302246
2013-02-07,28.493682861328125
2013-02-08,28.394227981567383
2013-02-11,28.105810165405273
2013-02-12,27.220664978027344
2013-02-13,27.757719039916992
2013-02-14,28.344501495361328
2013-02-15,28.165483474731445
2013-02-19,28.772153854370117
2013-02-20,28.304718017578125
2013-02-21,27.13115692138672
2013-02-22,26.98197364807129
2013-02-25,27.121212005615234
2013-02-26,27.240556716918945
2013-02-27,26.7233943939209
2013-02-28,27.101322174072266
2013-03-01,27.628429412841797
2013-03-04,27.568756103515625
2013-03-05,27.369848251342773
2013-03-06,27.30023193359375
2013-03-07,28.42406463623047
2013-03-08,27.807443618774414
2013-03-11,27.98646354675293
2013-03-12,27.67815589904785
2013-03-13,26.932247161865234
2013-03-14,26.892465591430664
2013-03-15,26.504592895507812
2013-03-18,26.34546661376953
2013-03-19,26.405139923095703
2013-03-20,25.71890640258789
2013-03-21,25.599557876586914
2013-03-22,25.58961296081543
2013-03-25,24.992887496948242
2013-03-26,25.072450637817383
2013-03-27,25.947649002075195
2013-03-28,25.440433502197266
2013-04-01,25.39070701599121
2013-04-02,25.28130340576172
2013-04-03,26.10677719116211
2013-04-04,26.922300338745117
2013-04-05,27.240556716918945
2013-04-08,26.703502655029297
2013-04-09,26.444921493530273
2013-04-10,27.419574737548828
2013-04-11,27.86711883544922
2013-04-12,27.25050163269043
2013-04-15,26.37530517578125
2013-04-16,26.773122787475586
2013-04-17,26.484703063964844
2013-04-18,25.54983139038086
2013-04-19,25.58961296081543
2013-04-22,25.828304290771484
2013-04-23,25.83824920654297
2013-04-24,25.967540740966797
2013-04-25,25.997377395629883
2013-04-26,26.703502655029297
2013-04-29,26.832794189453125
2013-04-30,27.61848258972168
2013-05-01,27.280338287353516
2013-05-02,28.811933517456055
2013-05-03,28.155534744262695
2013-05-06,27.419574737548828
2013-05-07,26.743284225463867
2013-05-08,26.972028732299805
2013-05-09,26.892465591430664
2013-05-10,26.5344295501709
2013-05-13,26.67366600036621
2013-05-14,26.922300338745117
2013-05-15,26.45486831665039
2013-05-16,25.987428665161133
2013-05-17,26.10677719116211
2013-05-20,25.61945152282715
2013-05-21,25.519994735717773
2013-05-22,25.022722244262695
2013-05-23,24.923269271850586
2013-05-24,24.1773624420166
2013-05-28,23.968507766723633
2013-05-29,23.192764282226562
2013-05-30,24.41604995727539
2013-05-31,24.217144012451172
2013-06-03,23.719871520996094
2013-06-04,23.391672134399414
2013-06-05,22.77505111694336
2013-06-06,22.84467315673828
2013-06-07,23.162927627563477
2013-06-10,24.19725227355957
2013-06-11,23.898889541625977
2013-06-12,23.640308380126953
2013-06-13,23.60052490234375
2013-06-14,23.50107192993164
2013-06-17,23.888944625854492
2013-06-18,24.077905654907227
2013-06-19,24.1773624420166
2013-06-20,23.76959800720215
2013-06-21,24.396160125732422
2013-06-24,23.80938148498535
2013-06-25,24.11768913269043
2013-06-26,24.028181076049805
2013-06-27,24.525453567504883
2013-06-28,24.744251251220703
2013-07-01,24.674633026123047
2013-07-02,24.27681541442871
2013-07-03,24.38621711730957
2013-07-05,24.237035751342773
2013-07-08,24.575178146362305
2013-07-09,25.340978622436523
2013-07-10,25.659231185913086
2013-07-11,25.669178009033203
2013-07-12,25.768630981445312
2013-07-15,26.136611938476562
2013-07-16,26.176393508911133
2013-07-17,26.504592895507812
2013-07-18,26.037158966064453
2013-07-19,25.738794326782227
2013-07-22,25.907867431640625
2013-07-23,25.987428665161133
2013-07-24,26.365358352661133
2013-07-25,34.17252731323242
2013-07-26,33.824440002441406
2013-07-29,35.236690521240234
2013-07-30,37.4246826171875
2013-07-31,36.599212646484375
2013-08-01,37.28544616699219
2013-08-02,37.8423957824707
2013-08-05,38.97616958618164
2013-08-06,38.339664459228516
2013-08-07,38.657920837402344
2013-08-08,38.32971954345703
2013-08-09,38.28993606567383
2013-08-12,38.01146697998047
2013-08-13,36.81801223754883
2013-08-14,36.45003890991211
2013-08-15,36.36052703857422
2013-08-16,36.877689361572266
2013-08-19,37.603702545166016
2013-08-20,38.20043182373047
2013-08-21,38.11091995239258
2013-08-22,38.339664459228516
2013-08-23,40.32875442504883
2013-08-26,41.114444732666016
2013-08-27,39.4237174987793
2013-08-28,40.32875442504883
2013-08-29,41.05476760864258
2013-08-30,41.06471633911133
2013-09-03,41.64154815673828
2013-09-04,41.552040100097656
2013-09-05,42.42724609375
2013-09-06,43.710205078125
2013-09-09,43.799713134765625
2013-09-10,43.36211013793945
2013-09-11,44.794254302978516
2013-09-12,44.50583267211914
2013-09-13,44.068233489990234
2013-09-16,42.278053283691406
2013-09-17,44.824092864990234
2013-09-18,44.983219146728516
2013-09-19,45.729129791259766
2013-09-20,47.23088836669922
2013-09-23,46.932525634765625
2013-09-24,48.18564987182617
2013-09-25,49.19013595581055
2013-09-26,50.11506652832031
2013-09-27,50.96043014526367
2013-09-30,49.95594024658203
2013-10-01,50.144901275634766
2013-10-02,50.00566482543945
2013-10-03,48.91167068481445
2013-10-04,50.76151657104492
2013-10-07,50.24435806274414
2013-10-08,46.88279342651367
2013-10-09,46.51482009887695
2013-10-10,48.78237533569336
2013-10-11,48.84204864501953
2013-10-14,49.23986053466797
2013-10-15,49.229923248291016
2013-10-16,50.8609733581543
2013-10-17,51.92513656616211
2013-10-18,53.924163818359375
2013-10-21,53.556190490722656
2013-10-22,52.392574310302734
2013-10-23,51.61682891845703
2013-10-24,52.16382598876953
2013-10-25,51.66655731201172
2013-10-28,49.95594024658203
2013-10-29,49.130470275878906
2013-10-30,48.74259567260742
2013-10-31,49.93605041503906
2013-11-01,49.47855758666992
2013-11-04,47.956905364990234
2013-11-05,49.83659744262695
2013-11-06,48.851985931396484
2013-11-07,47.300506591796875
2013-11-08,47.270668029785156
2013-11-11,45.94792938232422
2013-11-12,46.35569381713867
2013-11-13,48.44423294067383
2013-11-14,48.72270584106445
2013-11-15,48.74259567260742
2013-11-18,45.57994842529297
2013-11-19,46.107051849365234
2013-11-20,46.17667007446289
2013-11-21,46.44519805908203
2013-11-22,45.97775650024414
2013-11-25,44.57545471191406
2013-11-26,45.63961410522461
2013-11-27,46.23634719848633
2013-11-29,46.753509521484375
2013-12-02,46.8032341003418
2013-12-03,46.47503662109375
2013-12-04,48.3547248840332
2013-12-05,48.07625198364258
2013-12-06,47.678428649902344
2013-12-09,48.573524475097656
2013-12-10,49.975830078125
2013-12-11,49.11057662963867
2013-12-12,51.547210693359375
2013-12-13,53.02907943725586
2013-12-16,53.51641082763672
2013-12-17,54.56067657470703
2013-12-18,55.26680374145508
2013-12-19,54.749637603759766
2013-12-20,54.81925964355469
2013-12-23,57.45479965209961
2013-12-24,57.643760681152344
2013-12-26,57.41501998901367
2013-12-27,55.13751220703125
2013-12-30,53.41695022583008
2013-12-31,54.35182189941406
2014-01-02,54.41149139404297
2014-01-03,54.26231384277344
2014-01-06,56.887908935546875
2014-01-07,57.60398483276367
2014-01-08,57.91228485107422
2014-01-09,56.90780258178711
2014-01-10,57.62386703491211
2014-01-13,55.60494613647461
2014-01-14,57.424964904785156
2014-01-15,57.28572463989258
2014-01-16,56.877967834472656
2014-01-17,55.992820739746094
2014-01-21,58.190757751464844
2014-01-22,57.19621276855469
2014-01-23,56.32101821899414
2014-01-24,54.152915954589844
2014-01-27,53.25782775878906
2014-01-28,54.839149475097656
2014-01-29,53.23793411254883
2014-01-30,60.74673843383789
2014-01-31,62.228607177734375
2014-02-03,61.144554138183594
2014-02-04,62.407623291015625
2014-02-05,61.850685119628906
2014-02-06,61.82084655761719
2014-02-07,63.969058990478516
2014-02-10,63.20326232910156
2014-02-11,64.49617004394531
2014-02-12,64.09834289550781
2014-02-13,66.96263885498047
2014-02-14,66.72394561767578
2014-02-18,66.93280029296875
2014-02-19,67.68865203857422
2014-02-20,69.25007629394531
2014-02-21,68.21575927734375
2014-02-24,70.39381408691406
2014-02-25,69.46888732910156
2014-02-26,68.88211059570312
2014-02-27,68.5638427734375
2014-02-28,68.08647155761719
2014-03-03,67.0422134399414
2014-03-04,68.42462158203125
2014-03-05,71.17949676513672
2014-03-06,70.45348358154297
2014-03-07,69.41915893554688
2014-03-10,71.63699340820312
2014-03-11,69.71752166748047
2014-03-12,70.49327087402344
2014-03-13,68.45445251464844
2014-03-14,67.35050964355469
2014-03-17,68.36493682861328
2014-03-18,68.81248474121094
2014-03-19,67.86766815185547
2014-03-20,66.60460662841797
2014-03-21,66.87313079833984
2014-03-24,63.7502555847168
2014-03-25,64.53594970703125
2014-03-26,60.06050491333008
2014-03-27,60.6373405456543
2014-03-28,59.68257522583008
2014-03-31,59.91132354736328
2014-04-01,62.2783317565918
2014-04-02,62.37778854370117
2014-04-03,59.1654167175293
2014-04-04,56.440364837646484
2014-04-07,56.639278411865234
2014-04-08,57.87250900268555
2014-04-09,62.06948471069336
2014-04-10,58.83721160888672
2014-04-11,58.210655212402344
2014-04-14,58.56869125366211
2014-04-15,58.76759719848633
2014-04-16,59.394161224365234
2014-04-17,58.618412017822266
2014-04-21,60.90586853027344
2014-04-22,62.686100006103516
2014-04-23,61.02521896362305
2014-04-24,60.537879943847656
2014-04-25,57.39512634277344
2014-04-28,55.83369445800781
2014-04-29,57.832725524902344
2014-04-30,59.453834533691406
2014-05-01,60.81636047363281
2014-05-02,60.130123138427734
2014-05-05,60.88597106933594
2014-05-06,58.210655212402344
2014-05-07,57.076873779296875
2014-05-08,56.45030975341797
2014-05-09,56.92769241333008
2014-05-12,59.503562927246094
2014-05-13,59.503562927246094
2014-05-14,58.90683364868164
2014-05-15,57.60398483276367
2014-05-16,57.703433990478516
2014-05-19,58.88693618774414
2014-05-20,58.24049377441406
2014-05-21,60.15996551513672
2014-05-22,60.18979263305664
2014-05-23,61.015262603759766
2014-05-27,63.133644104003906
2014-05-28,63.163482666015625
2014-05-29,63.48173904418945
2014-05-30,62.954627990722656
2014-06-02,62.7358283996582
2014-06-03,62.52696990966797
2014-06-04,62.99441146850586
2014-06-05,62.8452262878418
2014-06-06,62.15898895263672
2014-06-09,62.53691864013672
2014-06-10,65.41114044189453
2014-06-11,65.42109680175781
2014-06-12,63.93921661376953
2014-06-13,64.14807891845703
2014-06-16,63.83976745605469
2014-06-17,64.04862976074219
2014-06-18,65.24207305908203
2014-06-19,63.98894119262695
2014-06-20,64.14807891845703
2014-06-23,65.01333618164062
2014-06-24,65.36141967773438
2014-06-25,67.07205200195312
2014-06-26,66.76372528076172
2014-06-27,67.23117065429688
2014-06-30,66.92285919189453
2014-07-01,67.68865203857422
2014-07-02,66.08743286132812
2014-07-03,65.92831420898438
2014-07-07,64.93376922607422
2014-07-08,62.417572021484375
2014-07-09,64.61552429199219
2014-07-10,64.51605987548828
2014-07-11,65.97803497314453
2014-07-14,67.52952575683594
2014-07-15,66.80350494384766
2014-07-16,67.29083251953125
2014-07-17,66.04766082763672
2014-07-18,68.04668426513672
2014-07-21,69.02134704589844
2014-07-22,68.89204406738281
2014-07-23,70.90103149414062
2014-07-24,74.57089233398438
2014-07-25,74.77975463867188
2014-07-28,74.51122283935547
2014-07-29,73.30783081054688
2014-07-30,74.27254486083984
2014-07-31,72.25361633300781
2014-08-01,71.9651870727539
2014-08-04,73.10892486572266
2014-08-05,72.29339599609375
2014-08-06,72.0745849609375
2014-08-07,72.7707748413086
2014-08-08,72.661376953125
2014-08-11,73.03931427001953
2014-08-12,72.43263244628906
2014-08-13,73.36750030517578
2014-08-14,73.89460754394531
2014-08-15,73.22826385498047
2014-08-18,74.18302917480469
2014-08-19,74.87920379638672
2014-08-20,74.40182495117188
2014-08-21,74.16313171386719
2014-08-22,74.16313171386719
2014-08-25,74.61067962646484
2014-08-26,75.54554748535156
2014-08-27,74.22280883789062
2014-08-28,73.4570083618164
2014-08-29,74.41177368164062
2014-09-02,76.2616195678711
2014-09-03,75.41625213623047
2014-09-04,75.53559875488281
2014-09-05,76.83846282958984
2014-09-08,77.46502685546875
2014-09-09,76.25167846679688
2014-09-10,77.00753784179688
2014-09-11,77.49485778808594
2014-09-12,77.05725860595703
2014-09-15,74.17308807373047
2014-09-16,75.66490173339844
2014-09-17,76.01297760009766
2014-09-18,76.57987213134766
2014-09-19,77.48492431640625
2014-09-22,76.38096618652344
2014-09-23,77.86283111572266
2014-09-24,78.1114730834961
2014-09-25,76.7986831665039
2014-09-26,78.36011505126953
2014-09-29,78.56895446777344
2014-09-30,78.60874938964844
2014-10-01,76.13233947753906
2014-10-02,76.65943908691406
2014-10-03,77.01747131347656
2014-10-06,77.13682556152344
2014-10-07,75.8737564086914
2014-10-08,77.09703826904297
2014-10-09,75.4958267211914
2014-10-10,72.51219177246094
2014-10-13,72.59175109863281
2014-10-14,73.18848419189453
2014-10-15,72.810546875
2014-10-16,72.23371124267578
2014-10-17,75.53559875488281
2014-10-20,76.5301513671875
2014-10-21,78.26065826416016
2014-10-22,77.94239807128906
2014-10-23,79.6032943725586
2014-10-24,80.2298583984375
2014-10-27,79.84197998046875
2014-10-28,80.32929992675781
2014-10-29,75.44609069824219
2014-10-30,73.70565795898438
2014-10-31,74.58084106445312
2014-11-03,73.47689819335938
2014-11-04,75.34664154052734
2014-11-05,74.42172241210938
2014-11-06,74.849365234375
2014-11-07,75.18751525878906
2014-11-10,74.59078979492188
2014-11-11,74.20291137695312
2014-11-12,74.31233215332031
2014-11-13,73.84487915039062
2014-11-14,74.47144317626953
2014-11-17,73.8349380493164
2014-11-18,73.93439483642578
2014-11-19,72.92990112304688
2014-11-20,73.19842529296875
2014-11-21,73.34761047363281
2014-11-24,73.606201171875
2014-11-25,75.21734619140625
2014-11-26,77.19649505615234
2014-11-28,77.27606201171875
2014-12-01,74.69023895263672
2014-12-02,75.04827117919922
2014-12-03,74.47144317626953
2014-12-04,74.82947540283203
2014-12-05,75.94336700439453
2014-12-08,76.10249328613281
2014-12-09,76.42074584960938
2014-12-10,75.76435852050781
2014-12-11,77.30590057373047
2014-12-12,77.40535736083984
2014-12-15,76.56993865966797
2014-12-16,74.28248596191406
2014-12-17,75.69474029541016
2014-12-18,77.97223663330078
2014-12-19,79.44415283203125
2014-12-22,81.00559997558594
2014-12-23,80.17018127441406
2014-12-24,80.32929992675781
2014-12-26,80.3392562866211
2014-12-29,79.58340454101562
2014-12-30,78.78776550292969
2014-12-31,77.59430694580078
2015-01-02,78.0219497680664
2015-01-05,76.76885223388672
2015-01-06,75.73451232910156
2015-01-07,75.73451232910156
2015-01-08,77.7534408569336
2015-01-09,77.31584167480469
2015-01-12,76.30140686035156
2015-01-13,76.03288269042969
2015-01-14,75.86380767822266
2015-01-15,73.64598083496094
2015-01-16,74.7697982788086
2015-01-20,75.82402801513672
2015-01-21,76.3212890625
2015-01-22,77.22632598876953
2015-01-23,77.40535736083984
2015-01-26,77.07715606689453
2015-01-27,75.36652374267578
2015-01-28,75.82402801513672
2015-01-29,77.57443237304688
2015-01-30,75.4958267211914
2015-02-02,74.58084106445312
2015-02-03,74.98860931396484
2015-02-04,75.21734619140625
2015-02-05,75.19747161865234
2015-02-06,74.06369018554688
2015-02-09,74.03385162353516
2015-02-10,74.77975463867188
2015-02-11,76.09254455566406
2015-02-12,75.81407928466797
2015-02-13,75.32675170898438
2015-02-17,75.18751525878906
2015-02-18,76.29145050048828
2015-02-19,78.9866714477539
2015-02-20,79.46406555175781
2015-02-23,78.40982818603516
2015-02-24,78.0219497680664
2015-02-25,79.12590789794922
2015-02-26,79.97127532958984
2015-02-27,78.53913116455078
2015-03-02,79.31486511230469
2015-03-03,79.16568756103516
2015-03-04,80.45860290527344
2015-03-05,80.76690673828125
2015-03-06,79.5734634399414
2015-03-09,79.00656127929688
2015-03-10,77.12688446044922
2015-03-11,77.14676666259766
2015-03-12,78.49934387207031
2015-03-13,77.62415313720703
2015-03-16,77.64405059814453
2015-03-17,78.92699432373047
2015-03-18,80.46855926513672
2015-03-19,82.29850769042969
2015-03-20,83.34278106689453
2015-03-23,83.96934509277344
2015-03-24,84.84453582763672
2015-03-25,82.46757507324219
2015-03-26,82.55709075927734
2015-03-27,82.84550476074219
2015-03-30,82.74604034423828
2015-03-31,81.7713851928711
2015-04-01,81.2243881225586
2015-04-02,81.11499786376953
2015-04-06,81.99020385742188
2015-04-07,81.870849609375
2015-04-08,81.83106994628906
2015-04-09,81.72167205810547
2015-04-10,81.59237670898438
2015-04-13,82.55709075927734
2015-04-14,83.06430053710938
2015-04-15,82.25871276855469
2015-04-16,81.86090850830078
2015-04-17,80.3392562866211
2015-04-20,82.63665008544922
2015-04-21,83.16375732421875
2015-04-22,84.16825103759766
2015-04-23,81.96036529541016
2015-04-24,81.08515930175781
2015-04-27,81.46308898925781
2015-04-28,80.23979949951172
2015-04-29,80.03095245361328
2015-04-30,78.34021759033203
2015-05-01,78.55901336669922
2015-05-04,78.37999725341797
2015-05-05,77.13682556152344
2015-05-06,77.67387390136719
2015-05-07,78.0020751953125
2015-05-08,78.08163452148438
2015-05-11,77.5843734741211
2015-05-12,77.0373764038086
2015-05-13,78.01202392578125
2015-05-14,80.92603302001953
2015-05-15,79.98120880126953
2015-05-18,80.43870544433594
2015-05-19,80.19007110595703
2015-05-20,80.11051940917969
2015-05-21,80.0408935546875
2015-05-22,80.10057067871094
2015-05-26,78.89717102050781
2015-05-27,80.11051940917969
2015-05-28,79.71268463134766
2015-05-29,78.75792694091797
2015-06-01,79.85192108154297
2015-06-02,80.00111389160156
2015-06-03,81.99020385742188
2015-06-04,81.60232543945312
2015-06-05,81.69183349609375
2015-06-08,80.2298583984375
2015-06-09,80.2298583984375
2015-06-10,81.71172332763672
2015-06-11,81.3835220336914
2015-06-12,81.08515930175781
2015-06-15,80.26963806152344
2015-06-16,80.61772918701172
2015-06-17,81.34375
2015-06-18,82.45762634277344
2015-06-19,82.05982208251953
2015-06-22,84.27764892578125
2015-06-23,87.4005126953125
2015-06-24,88.37516021728516
2015-06-25,87.4999771118164
2015-06-26,87.5298080444336
2015-06-29,85.33187103271484
2015-06-30,85.3020248413086
2015-07-01,86.43580627441406
2015-07-02,86.8137435913086
2015-07-06,87.07232666015625
2015-07-07,86.7441177368164
2015-07-08,85.18268585205078
2015-07-09,85.41142272949219
2015-07-10,87.47013092041016
2015-07-13,89.60840606689453
2015-07-14,89.19068908691406
2015-07-15,89.270263671875
2015-07-16,90.35431671142578
2015-07-17,94.45182037353516
2015-07-20,97.37580108642578
2015-07-21,97.8531723022461
2015-07-22,96.51054382324219
2015-07-23,94.91926574707031
2015-07-24,96.4210205078125
2015-07-27,93.65618896484375
2015-07-28,94.77008056640625
2015-07-29,96.46080780029297
2015-07-30,94.69051361083984
2015-07-31,93.49707794189453
2015-08-03,93.62635803222656
2015-08-04,93.54679870605469
2015-08-05,95.91381072998047
2015-08-06,94.60101318359375
2015-08-07,93.78549194335938
2015-08-10,93.63631439208984
2015-08-11,93.10920715332031
2015-08-12,93.67610168457031
2015-08-13,92.92022705078125
2015-08-14,93.90483093261719
2015-08-17,93.41751098632812
2015-08-18,94.6507339477539
2015-08-19,94.78997039794922
2015-08-20,90.0658950805664
2015-08-21,85.59043884277344
2015-08-24,81.64210510253906
2015-08-25,82.5471420288086
2015-08-26,86.71428680419922
2015-08-27,89.24043273925781
2015-08-28,90.51344299316406
2015-08-31,88.94205474853516
2015-09-01,86.75406646728516
2015-09-02,89.39955139160156
2015-09-03,87.66903686523438
2015-09-04,87.77843475341797
2015-09-08,89.04150390625
2015-09-09,89.9465560913086
2015-09-10,91.47814178466797
2015-09-11,91.54776000976562
2015-09-14,91.80633544921875
2015-09-15,92.39311981201172
2015-09-16,92.94012451171875
2015-09-17,93.82527160644531
2015-09-18,93.88494873046875
2015-09-21,95.02867126464844
2015-09-22,92.45279693603516
2015-09-23,93.45729064941406
2015-09-24,93.89488220214844
2015-09-25,92.26383209228516
2015-09-28,88.7232666015625
2015-09-29,86.19710540771484
2015-09-30,89.40950012207031
2015-10-01,90.45376586914062
2015-10-02,91.56765747070312
2015-10-05,93.49707794189453
2015-10-06,92.2936782836914
2015-10-07,91.89585876464844
2015-10-08,91.96546936035156
2015-10-09,92.73126983642578
2015-10-12,93.74571228027344
2015-10-13,93.6064682006836
2015-10-14,93.5567398071289
2015-10-15,95.43643188476562
2015-10-16,97.0078125
2015-10-19,97.93274688720703
2015-10-20,96.47075653076172
2015-10-21,96.58015441894531
2015-10-22,99.12618255615234
2015-10-23,101.6324462890625
2015-10-26,103.20381927490234
2015-10-27,103.13420104980469
2015-10-28,103.6314697265625
2015-10-29,104.30774688720703
2015-10-30,101.41363525390625
2015-11-02,102.74632263183594
2015-11-03,102.02030181884766
2015-11-04,103.3729019165039
2015-11-05,108.1666030883789
2015-11-06,106.51565551757812
2015-11-09,105.90897369384766
2015-11-10,107.32124328613281
2015-11-11,108.41522216796875
2015-11-12,107.43063354492188
2015-11-13,103.3828353881836
2015-11-16,103.47234344482422
2015-11-17,104.55638885498047
2015-11-18,107.18199157714844
2015-11-19,105.68023681640625
2015-11-20,106.73444366455078
2015-11-23,106.36647033691406
2015-11-24,105.1630630493164
2015-11-25,104.83486938476562
2015-11-27,104.8746337890625
2015-11-30,103.67124938964844
2015-12-01,106.5355453491211
2015-12-02,105.49127197265625
2015-12-03,103.81049346923828
2015-12-04,105.60066223144531
2015-12-07,105.03377532958984
2015-12-08,105.90897369384766
2015-12-09,104.02928924560547
2015-12-10,104.84481048583984
2015-12-11,101.56282806396484
2015-12-14,104.08897399902344
2015-12-15,103.97956848144531
2015-12-16,106.20734405517578
2015-12-17,105.64045715332031
2015-12-18,103.47234344482422
2015-12-21,104.19835662841797
2015-12-22,104.934326171875
2015-12-23,104.05913543701172
2015-12-24,104.44699096679688
2015-12-28,105.35202026367188
2015-12-29,106.6747817993164
2015-12-30,105.64045715332031
2015-12-31,104.08897399902344
2016-01-04,101.66226959228516
2016-01-05,102.16950225830078
2016-01-06,102.40818786621094
2016-01-07,97.3857421875
2016-01-08,96.79895782470703
2016-01-11,96.97798156738281
2016-01-12,98.82782745361328
2016-01-13,94.91926574707031
2016-01-14,97.83326721191406
2016-01-15,94.45182037353516
2016-01-19,94.74024200439453
2016-01-20,93.83521270751953
2016-01-21,93.64625549316406
2016-01-22,97.40563201904297
2016-01-25,96.480712890625
2016-01-26,96.80889892578125
2016-01-27,93.9346694946289
2016-01-28,108.51467895507812
2016-01-29,111.59776306152344
2016-02-01,114.46205139160156
2016-02-02,113.98468017578125
2016-02-03,112.07514190673828
2016-02-04,109.88715362548828
2016-02-05,103.50218200683594
2016-02-08,99.20574951171875
2016-02-09,98.99689483642578
2016-02-10,100.44892883300781
2016-02-11,101.35396575927734
2016-02-12,101.45342254638672
2016-02-16,101.05559539794922
2016-02-17,104.62600708007812
2016-02-18,102.90545654296875
2016-02-19,103.99945068359375
2016-02-22,106.57533264160156
2016-02-23,104.88459014892578
2016-02-24,106.29684448242188
2016-02-25,107.48035430908203
2016-02-26,107.3311767578125
2016-02-29,106.33663177490234
2016-03-01,109.2208023071289
2016-03-02,109.35009765625
2016-03-03,108.98210906982422
2016-03-04,107.79861450195312
2016-03-07,105.15312957763672
2016-03-08,105.35202026367188
2016-03-09,106.92341613769531
2016-03-10,106.73444366455078
2016-03-11,108.81304931640625
2016-03-14,109.29042053222656
2016-03-15,110.066162109375
2016-03-16,111.56793212890625
2016-03-17,110.41426849365234
2016-03-18,110.84190368652344
2016-03-21,111.2397232055664
2016-03-22,111.6375503540039
2016-03-23,111.92596435546875
2016-03-24,112.43318176269531
2016-03-28,113.0697021484375
2016-03-29,115.5063247680664
2016-03-30,114.07418060302734
2016-03-31,113.47745513916016
2016-04-01,115.42675018310547
2016-04-04,111.93592071533203
2016-04-05,111.60771179199219
2016-04-06,113.08959197998047
2016-04-07,113.01997375488281
2016-04-08,110.02638244628906
2016-04-11,108.39533233642578
2016-04-12,110.00650024414062
2016-04-13,109.90704345703125
2016-04-14,110.23524475097656
2016-04-15,109.04179382324219
2016-04-18,109.84737396240234
2016-04-19,111.67733001708984
2016-04-20,111.80662536621094
2016-04-21,112.82106018066406
2016-04-22,109.9567642211914
2016-04-25,109.49927520751953
2016-04-26,108.1666030883789
2016-04-27,108.29588317871094
2016-04-28,116.0931167602539
2016-04-29,116.9384765625
2016-05-02,117.92306518554688
2016-05-03,116.78929901123047
2016-05-04,117.41584014892578
2016-05-05,117.16720581054688
2016-05-06,118.83804321289062
2016-05-09,118.58940887451172
2016-05-10,119.842529296875
2016-05-11,118.86788177490234
2016-05-12,119.62374877929688
2016-05-13,119.15628814697266
2016-05-16,118.02252197265625
2016-05-17,116.70972442626953
2016-05-18,117.00808715820312
2016-05-19,116.17266845703125
2016-05-20,116.70972442626953
2016-05-23,115.33724975585938
2016-05-24,117.05781555175781
2016-05-25,117.24678039550781
2016-05-26,118.81815338134766
2016-05-27,118.72864532470703
2016-05-31,118.16175079345703
2016-06-01,118.13191986083984
2016-06-02,118.28109741210938
2016-06-03,117.8236083984375
2016-06-06,118.1418685913086
2016-06-07,117.11749267578125
2016-06-08,117.74404907226562
2016-06-09,117.9131088256836
2016-06-10,115.98371124267578
2016-06-13,113.3282699584961
2016-06-14,114.31287384033203
2016-06-15,113.9747314453125
2016-06-16,113.765869140625
2016-06-17,112.4033432006836
2016-06-20,112.75144958496094
2016-06-21,113.75593566894531
2016-06-22,113.28849029541016
2016-06-23,114.45210266113281
2016-06-24,111.46847534179688
2016-06-27,108.37544250488281
2016-06-28,112.0850830078125
2016-06-29,113.5371322631836
2016-06-30,113.6564712524414
2016-07-01,113.56696319580078
2016-07-05,113.57691192626953
2016-07-06,116.06326293945312
2016-07-07,115.2178955078125
2016-07-08,116.60032653808594
2016-07-11,117.22689056396484
2016-07-12,117.28656005859375
2016-07-13,116.14282989501953
2016-07-14,116.65005493164062
2016-07-15,116.22240447998047
2016-07-18,118.71870422363281
2016-07-19,119.95194244384766
2016-07-20,121.25477600097656
2016-07-21,119.95194244384766
2016-07-22,120.33980560302734
2016-07-25,120.96636962890625
2016-07-26,120.55860900878906
2016-07-27,122.66703796386719
2016-07-28,124.31797790527344
2016-07-29,123.2637710571289
2016-08-01,123.63175201416016
2016-08-02,122.41840362548828
2016-08-03,121.8415756225586
2016-08-04,123.68148040771484
2016-08-05,124.46717071533203
2016-08-08,124.57656860351562
2016-08-09,124.37764739990234
2016-08-10,124.1986312866211
2016-08-11,124.2185287475586
2016-08-12,124.1986312866211
2016-08-15,123.22398376464844
2016-08-16,122.62725830078125
2016-08-17,123.6914291381836
2016-08-18,123.23393249511719
2016-08-19,122.8858413696289
2016-08-22,123.47261810302734
2016-08-23,123.6914291381836
2016-08-24,122.8062744140625
2016-08-25,123.21404266357422
2016-08-26,124.27819061279297
2016-08-29,125.84957885742188
2016-08-30,125.15338134765625
2016-08-31,125.431884765625
2016-09-01,125.48159790039062
2016-09-02,125.81974029541016
2016-09-06,129.02218627929688
2016-09-07,130.33497619628906
2016-09-08,129.55921936035156
2016-09-09,126.40652465820312
2016-09-12,127.98786926269531
2016-09-13,126.51593017578125
2016-09-14,127.07286834716797
2016-09-15,127.64971923828125
2016-09-16,128.3657684326172
2016-09-19,127.94805908203125
2016-09-20,127.93811798095703
2016-09-21,129.23104858398438
2016-09-22,129.37025451660156
2016-09-23,127.2618408203125
2016-09-26,126.6153793334961
2016-09-27,127.98786926269531
2016-09-28,128.52490234375
2016-09-29,127.39112091064453
2016-09-30,127.57015228271484
2016-10-03,128.06741333007812
2016-10-04,127.4905776977539
2016-10-05,127.76904296875
2016-10-06,128.03756713867188
2016-10-07,128.28622436523438
2016-10-10,129.52938842773438
2016-10-11,128.1768341064453
2016-10-12,128.34588623046875
2016-10-13,127.12260437011719
2016-10-14,127.1822738647461
2016-10-17,126.84413146972656
2016-10-18,127.8685073852539
2016-10-19,129.40011596679688
2016-10-20,129.2906951904297
2016-10-21,131.3494415283203
2016-10-24,132.55279541015625
2016-10-25,131.5681915283203
2016-10-26,130.32501220703125
2016-10-27,128.98239135742188
2016-10-28,130.5736541748047
2016-10-31,130.27529907226562
2016-11-01,128.79344177246094
2016-11-02,126.47615051269531
2016-11-03,119.34526062011719
2016-11-04,120.09117889404297
2016-11-07,121.48353576660156
2016-11-08,123.542236328125
2016-11-09,122.5079116821289
2016-11-10,120.14090728759766
2016-11-11,118.37060546875
2016-11-14,114.45210266113281
2016-11-15,116.56053924560547
2016-11-16,115.70523071289062
2016-11-17,117.14733123779297
2016-11-18,116.38151550292969
2016-11-21,121.10559844970703
2016-11-22,120.80723571777344
2016-11-23,120.18067932128906
2016-11-25,119.72319030761719
2016-11-28,119.75304412841797
2016-11-29,120.21051788330078
2016-11-30,117.77387237548828
2016-12-01,114.47200012207031
2016-12-02,114.7703628540039
2016-12-05,116.78929901123047
2016-12-06,116.66992950439453
2016-12-07,117.30644989013672
2016-12-08,118.26121520996094
2016-12-09,119.02701568603516
2016-12-12,117.12743377685547
2016-12-13,119.65357208251953
2016-12-14,119.55412292480469
2016-12-15,119.91216278076172
2016-12-16,119.21597290039062
2016-12-19,118.58940887451172
2016-12-20,118.44022369384766
2016-12-21,118.39049530029297
2016-12-22,116.75946044921875
2016-12-23,116.63015747070312
2016-12-27,117.36612701416016
2016-12-28,116.28206634521484
2016-12-29,115.71517944335938
2016-12-30,114.42227172851562
2017-01-03,116.22240447998047
2017-01-04,118.04241943359375
2017-01-05,120.01160430908203
2017-01-06,122.73666381835938
2017-01-09,124.2185287475586
2017-01-10,123.6715316772461
2017-01-11,125.40203094482422
2017-01-12,125.92914581298828
2017-01-13,127.63975524902344
2017-01-17,127.17232513427734
2017-01-18,127.2220458984375
2017-01-19,126.85407257080078
2017-01-20,126.34685516357422
2017-01-23,128.22653198242188
2017-01-24,128.66415405273438
2017-01-25,130.7626190185547
2017-01-26,132.05552673339844
2017-01-27,131.45880126953125
2017-01-30,130.26535034179688
2017-01-31,129.60894775390625
2017-02-01,132.50306701660156
2017-02-02,130.1260986328125
2017-02-03,130.26535034179688
2017-02-06,131.33944702148438
2017-02-07,131.1206512451172
2017-02-08,133.46780395507812
2017-02-09,133.4081268310547
2017-02-10,133.4578399658203
2017-02-13,133.31857299804688
2017-02-14,133.11968994140625
2017-02-15,132.71194458007812
2017-02-16,133.10975646972656
2017-02-17,132.8014373779297
2017-02-21,132.99041748046875
2017-02-22,135.37730407714844
2017-02-23,134.62147521972656
2017-02-24,134.70101928710938
2017-02-27,135.66574096679688
2017-02-28,134.80047607421875
2017-03-01,136.67019653320312
2017-03-02,136.01380920410156
2017-03-03,136.4215850830078
2017-03-06,136.67019653320312
2017-03-07,136.55087280273438
2017-03-08,136.9685821533203
2017-03-09,137.48573303222656
2017-03-10,138.03274536132812
2017-03-13,138.83831787109375
2017-03-14,138.5598602294922
2017-03-15,138.95767211914062
2017-03-16,139.22621154785156
2017-03-17,139.07701110839844
2017-03-20,139.1764678955078
2017-03-21,137.7542724609375
2017-03-22,138.82839965820312
2017-03-23,138.7687225341797
2017-03-24,139.57427978515625
2017-03-27,139.55438232421875
2017-03-28,140.98654174804688
2017-03-29,141.87168884277344
2017-03-30,141.63299560546875
2017-03-31,141.2749481201172
2017-04-03,141.50369262695312
2017-04-04,140.95668029785156
2017-04-05,141.07603454589844
2017-04-06,140.3997344970703
2017-04-07,140.01190185546875
2017-04-10,140.27044677734375
2017-04-11,139.1565704345703
2017-04-12,138.8184051513672
2017-04-13,138.6294708251953
2017-04-17,140.6483917236328
2017-04-18,140.19090270996094
2017-04-19,141.49375915527344
2017-04-20,143.01539611816406
2017-04-21,142.89605712890625
2017-04-24,144.67630004882812
2017-04-25,145.69073486328125
2017-04-26,145.76034545898438
2017-04-27,146.8941192626953
2017-04-28,149.43020629882812
2017-05-01,151.62815856933594
2017-05-02,151.94639587402344
2017-05-03,150.9717559814453
2017-05-04,150.02694702148438
2017-05-05,149.42027282714844
2017-05-08,150.2357940673828
2017-05-09,149.65895080566406
2017-05-10,149.47000122070312
2017-05-11,149.2213592529297
2017-05-12,149.50979614257812
2017-05-15,149.37054443359375
2017-05-16,148.96278381347656
2017-05-17,144.0596923828125
2017-05-18,146.8543701171875
2017-05-19,147.25216674804688
2017-05-22,147.43118286132812
2017-05-23,147.26211547851562
2017-05-24,149.2213592529297
2017-05-25,151.1309051513672
2017-05-26,151.2999725341797
2017-05-30,151.548583984375
2017-05-31,150.6336212158203
2017-06-01,150.70321655273438
2017-06-02,152.77188110351562
2017-06-05,152.79176330566406
2017-06-06,151.9762725830078
2017-06-07,152.28453063964844
2017-06-08,153.86587524414062
2017-06-09,148.7837677001953
2017-06-12,147.63009643554688
2017-06-13,149.8578338623047
2017-06-14,149.43020629882812
2017-06-15,148.982666015625
2017-06-16,149.81808471679688
2017-06-19,152.0359344482422
2017-06-20,151.4193115234375
2017-06-21,153.0702362060547
2017-06-22,152.56301879882812
2017-06-23,154.2239227294922
2017-06-26,152.75198364257812
2017-06-27,149.75840759277344
2017-06-28,152.40391540527344
2017-06-29,150.21588134765625
2017-06-30,150.15623474121094
2017-07-03,147.62013244628906
2017-07-05,149.51971435546875
2017-07-06,148.00802612304688
2017-07-07,150.6137237548828
2017-07-10,152.6624755859375
2017-07-11,154.42282104492188
2017-07-12,158.03302001953125
2017-07-13,158.39105224609375
2017-07-14,159.09718322753906
2017-07-17,158.8584747314453
2017-07-18,161.971435546875
2017-07-19,163.2444305419922
2017-07-20,163.63230895996094
2017-07-21,163.53285217285156
2017-07-24,165.0942840576172
2017-07-25,164.3782196044922
2017-07-26,164.70640563964844
2017-07-27,169.51004028320312
2017-07-28,171.50909423828125
2017-07-31,168.3265380859375
2017-08-01,168.93321228027344
2017-08-02,168.3762969970703
2017-08-03,167.670166015625
2017-08-04,168.69451904296875
2017-08-07,171.04165649414062
2017-08-08,170.29576110839844
2017-08-09,170.24600219726562
2017-08-10,166.4866485595703
2017-08-11,167.16294860839844
2017-08-14,169.81837463378906
2017-08-15,170.06700134277344
2017-08-16,169.0724639892578
2017-08-17,165.9993133544922
2017-08-18,166.49658203125
2017-08-21,166.8645782470703
2017-08-22,168.7144317626953
2017-08-23,167.7895050048828
2017-08-24,166.82479858398438
2017-08-25,165.4125518798828
2017-08-28,166.3275146484375
2017-08-29,167.1331024169922
2017-08-30,168.9928741455078
2017-08-31,171.03170776367188
2017-09-01,171.08143615722656
2017-09-05,169.78854370117188
2017-09-06,171.1510467529297
2017-09-07,172.2649383544922
2017-09-08,170.01727294921875
2017-09-11,172.5633087158203
2017-09-12,172.01632690429688
2017-09-13,172.10580444335938
2017-09-14,170.0272216796875
2017-09-15,170.7034912109375
2017-09-18,169.0823974609375
2017-09-19,171.5786895751953
2017-09-20,171.2306365966797
2017-09-21,170.1763916015625
2017-09-22,169.60948181152344
2017-09-25,161.98135375976562
2017-09-26,163.31405639648438
2017-09-27,166.76512145996094
2017-09-28,167.8094024658203
2017-09-29,169.93771362304688
2017-10-02,168.54537963867188
2017-10-03,169.03268432617188
2017-10-04,167.50108337402344
2017-10-05,170.30569458007812
2017-10-06,171.29029846191406
2017-10-09,171.55880737304688
2017-10-10,170.65377807617188
2017-10-11,171.79751586914062
2017-10-12,171.60855102539062
2017-10-13,172.79205322265625
2017-10-16,173.5678253173828
2017-10-17,175.14913940429688
2017-10-18,175.06956481933594
2017-10-19,173.60757446289062
2017-10-20,174.02529907226562
2017-10-23,170.3355255126953
2017-10-24,170.8626251220703
2017-10-25,169.66917419433594
2017-10-26,169.69900512695312
2017-10-27,176.90945434570312
2017-10-30,178.88858032226562
2017-10-31,179.0775604248047
2017-11-01,181.66339111328125
2017-11-02,177.94378662109375
2017-11-03,177.94378662109375
2017-11-06,179.18695068359375
2017-11-07,179.26651000976562
2017-11-08,178.58030700683594
2017-11-09,178.32171630859375
2017-11-10,177.48629760742188
2017-11-13,177.7946014404297
2017-11-14,177.0984344482422
2017-11-15,176.9790802001953
2017-11-16,178.61013793945312
2017-11-17,178.02333068847656
2017-11-20,177.7647705078125
2017-11-21,180.86773681640625
2017-11-22,179.8831329345703
2017-11-24,181.7827606201172
2017-11-27,182.03134155273438
2017-11-28,181.42469787597656
2017-11-29,174.17446899414062
2017-11-30,176.2132568359375
2017-12-01,174.1446533203125
2017-12-04,170.53443908691406
2017-12-05,171.88702392578125
2017-12-06,175.09939575195312
2017-12-07,179.15713500976562
2017-12-08,178.02333068847656
2017-12-11,178.06314086914062
2017-12-12,175.99449157714844
2017-12-13,177.32717895507812
2017-12-14,177.4166717529297
2017-12-15,179.19691467285156
2017-12-18,179.83343505859375
2017-12-19,178.5305633544922
2017-12-20,176.91941833496094
2017-12-21,176.4818115234375
2017-12-22,176.23316955566406
2017-12-26,175.02976989746094
2017-12-27,176.65086364746094
2017-12-28,176.94923400878906
2017-12-29,175.49720764160156
2018-01-02,180.43016052246094
2018-01-03,183.6624298095703
2018-01-04,183.32427978515625
2018-01-05,185.83053588867188
2018-01-08,187.25271606445312
2018-01-09,186.84495544433594
2018-01-10,186.8151092529297
2018-01-11,186.74549865722656
2018-01-12,178.39132690429688
2018-01-16,177.4166717529297
2018-01-17,176.6309814453125
2018-01-18,178.81900024414062
2018-01-19,180.3008575439453
2018-01-22,184.3585968017578
2018-01-23,188.31687927246094
2018-01-24,185.53213500976562
2018-01-25,186.4570770263672
2018-01-26,188.9633331298828
2018-01-29,184.9652557373047
2018-01-30,186.0990447998047
2018-01-31,185.8702850341797
2018-02-01,192.03646850585938
2018-02-02,189.24179077148438
2018-02-05,180.27102661132812
2018-02-06,184.29893493652344
2018-02-07,179.19691467285156
2018-02-08,170.64382934570312
2018-02-09,175.14913940429688
2018-02-12,175.44749450683594
2018-02-13,172.2052459716797
2018-02-14,178.54052734375
2018-02-15,178.97811889648438
2018-02-16,176.39230346679688
2018-02-20,175.04966735839844
2018-02-21,176.93930053710938
2018-02-22,178.013427734375
2018-02-23,182.28994750976562
2018-02-26,183.92100524902344
2018-02-27,180.46994018554688
2018-02-28,177.34706115722656
2018-03-01,174.9800567626953
2018-03-02,175.6563262939453
2018-03-05,179.4156951904297
2018-03-06,178.79910278320312
2018-03-07,182.70765686035156
2018-03-08,181.3451385498047
2018-03-09,184.2193603515625
2018-03-12,183.7519073486328
2018-03-13,180.8876495361328
2018-03-14,183.18504333496094
2018-03-15,182.85682678222656
2018-03-16,184.08010864257812
2018-03-19,171.6184844970703
2018-03-20,167.2325439453125
2018-03-21,168.46578979492188
2018-03-22,163.99032592773438
2018-03-23,158.5203399658203
2018-03-26,159.18667602539062
2018-03-27,151.3894805908203
2018-03-28,152.19505310058594
2018-03-29,158.9181365966797
2018-04-02,154.5421600341797
2018-04-03,155.25823974609375
2018-04-04,154.25376892089844
2018-04-05,158.47061157226562
2018-04-06,156.34230041503906
2018-04-09,157.06829833984375
2018-04-10,164.13951110839844
2018-04-11,165.4125518798828
2018-04-12,162.9759063720703
2018-04-13,163.6223602294922
2018-04-16,163.93067932128906
2018-04-17,167.73977661132812
2018-04-18,165.45233154296875
2018-04-19,167.18283081054688
2018-04-20,165.3727569580078
2018-04-23,164.93515014648438
2018-04-24,158.81871032714844
2018-04-25,158.81871032714844
2018-04-26,173.20977783203125
2018-04-27,172.6428680419922
2018-04-30,171.06153869628906
2018-05-01,172.91139221191406
2018-05-02,175.10934448242188
2018-05-03,173.07052612304688
2018-05-04,175.64637756347656
2018-05-07,176.99899291992188
2018-05-08,177.94378662109375
2018-05-09,181.66339111328125
2018-05-10,184.51771545410156
2018-05-11,185.96975708007812
2018-05-14,185.62167358398438
2018-05-15,183.3143310546875
2018-05-16,182.20040893554688
2018-05-17,182.75738525390625
2018-05-18,181.6832733154297
2018-05-21,183.4833984375
2018-05-22,182.79718017578125
2018-05-23,185.8802490234375
2018-05-24,184.91554260253906
2018-05-25,183.91102600097656
2018-05-29,184.72657775878906
2018-05-30,186.6460418701172
2018-05-31,190.73362731933594
2018-06-01,192.9315643310547
2018-06-04,192.22544860839844
2018-06-05,191.88731384277344
2018-06-06,190.2960205078125
2018-06-07,187.15325927734375
2018-06-08,188.06826782226562
2018-06-11,190.49493408203125
2018-06-12,191.35023498535156
2018-06-13,191.3601837158203
2018-06-14,195.73617553710938
2018-06-15,194.7814178466797
2018-06-18,197.22799682617188
2018-06-19,196.4124755859375
2018-06-20,200.89785766601562
2018-06-21,200.4005889892578
2018-06-22,200.6392822265625
2018-06-25,195.27870178222656
2018-06-26,197.9142303466797
2018-06-27,194.771484375
2018-06-28,195.1593475341797
2018-06-29,193.259765625
2018-07-02,196.2831573486328
2018-07-03,191.67843627929688
2018-07-05,197.36724853515625
2018-07-06,202.12115478515625
2018-07-09,203.62290954589844
2018-07-10,202.429443359375
2018-07-11,201.4349365234375
2018-07-12,205.79100036621094
2018-07-13,206.1888427734375
2018-07-16,206.0993194580078
2018-07-17,208.84425354003906
2018-07-18,208.21771240234375
2018-07-19,206.9546356201172
2018-07-20,208.79454040527344
2018-07-23,209.75927734375
2018-07-24,213.49871826171875
2018-07-25,216.31329345703125
2018-07-26,175.29827880859375
2018-07-27,173.93577575683594
2018-07-30,170.12667846679688
2018-07-31,171.6383819580078
2018-08-01,170.7134552001953
2018-08-02,175.40769958496094
2018-08-03,176.8100128173828
2018-08-06,184.67686462402344
2018-08-07,182.80711364746094
2018-08-08,184.16961669921875
2018-08-09,182.09103393554688
2018-08-10,179.2764892578125
2018-08-13,179.067626953125
2018-08-14,180.12184143066406
2018-08-15,178.5504608154297
2018-08-16,173.74681091308594
2018-08-17,172.85174560546875
2018-08-20,171.55880737304688
2018-08-21,171.6781463623047
2018-08-22,172.69261169433594
2018-08-23,171.9566192626953
2018-08-24,173.69708251953125
2018-08-27,176.49176025390625
2018-08-28,175.29827880859375
2018-08-29,174.9402618408203
2018-08-30,176.67076110839844
2018-08-31,174.77117919921875
2018-09-04,170.2261199951172
2018-09-05,166.26783752441406
2018-09-06,161.64320373535156
2018-09-07,162.15042114257812
2018-09-10,163.28421020507812
2018-09-11,165.03460693359375
2018-09-12,161.1160888671875
2018-09-13,160.47959899902344
2018-09-14,161.43438720703125
2018-09-17,159.70384216308594
2018-09-18,159.4253692626953
2018-09-19,162.17031860351562
2018-09-20,165.1141815185547
2018-09-21,162.041015625
2018-09-24,164.5075225830078
2018-09-25,164.01023864746094
2018-09-26,166.03909301757812
2018-09-27,167.9187774658203
2018-09-28,163.56268310546875
2018-10-01,161.55372619628906
2018-10-02,158.46067810058594
2018-10-03,161.5437469482422
2018-10-04,157.98329162597656
2018-10-05,156.4716033935547
2018-10-08,156.39202880859375
2018-10-09,157.03846740722656
2018-10-10,150.55406188964844
2018-10-11,152.5133056640625
2018-10-12,152.9011688232422
2018-10-15,152.68238830566406
2018-10-16,157.91366577148438
2018-10-17,158.5501708984375
2018-10-18,154.0747528076172
2018-10-19,153.20947265625
2018-10-22,153.9355010986328
2018-10-23,153.547607421875
2018-10-24,145.24317932128906
2018-10-25,150.12640380859375
2018-10-26,144.5768280029297
2018-10-29,141.31472778320312
2018-10-30,145.4221954345703
2018-10-31,150.96180725097656
2018-11-01,150.9220428466797
2018-11-02,149.52967834472656
2018-11-05,147.86878967285156
2018-11-06,149.12188720703125
2018-11-07,150.70321655273438
2018-11-08,147.0631866455078
2018-11-09,144.16908264160156
2018-11-12,140.77769470214844
2018-11-13,141.38436889648438
2018-11-14,143.43310546875
2018-11-15,143.0651397705078
2018-11-16,138.7687225341797
2018-11-19,130.83224487304688
2018-11-20,131.7074432373047
2018-11-21,134.0844268798828
2018-11-23,131.01126098632812
2018-11-26,135.63589477539062
2018-11-27,134.263427734375
2018-11-28,136.01380920410156
2018-11-29,137.92335510253906
2018-11-30,139.8428192138672
2018-12-03,140.32020568847656
2018-12-04,137.17742919921875
2018-12-06,138.86817932128906
2018-12-07,136.67019653320312
2018-12-10,141.07603454589844
2018-12-11,141.30479431152344
2018-12-12,143.71157836914062
2018-12-13,144.21881103515625
2018-12-14,143.27398681640625
2018-12-17,139.4250946044922
2018-12-18,142.8761749267578
2018-12-19,132.51304626464844
2018-12-20,132.67214965820312
2018-12-21,124.26824951171875
2018-12-24,123.38311004638672
2018-12-26,133.44789123535156
2018-12-27,133.7860565185547
2018-12-28,132.47323608398438
2018-12-31,130.374755859375
2019-01-02,134.939697265625
2019-01-03,131.0211944580078
2019-01-04,137.1973114013672
2019-01-07,137.29678344726562
2019-01-08,141.75234985351562
2019-01-09,143.4430694580078
2019-01-10,143.4132080078125
2019-01-11,143.01539611816406
2019-01-14,144.5967254638672
2019-01-15,148.13729858398438
2019-01-16,146.73500061035156
2019-01-17,147.49087524414062
2019-01-18,149.2213592529297
2019-01-22,146.76483154296875
2019-01-23,143.51268005371094
2019-01-24,145.0343475341797
2019-01-25,148.1969757080078
2019-01-28,146.66537475585938
2019-01-29,143.40328979492188
2019-01-30,149.5992889404297
2019-01-31,165.78050231933594
2019-02-01,164.80587768554688
2019-02-04,168.3265380859375
2019-02-05,170.2261199951172
2019-02-06,169.55979919433594
2019-02-07,165.47222900390625
2019-02-08,166.41702270507812
2019-02-11,164.88543701171875
2019-02-12,164.13951110839844
2019-02-13,163.17481994628906
2019-02-14,163.0554656982422
2019-02-15,161.61337280273438
2019-02-19,161.40452575683594
2019-02-20,161.67306518554688
2019-02-21,159.16680908203125
2019-02-22,161.00669860839844
2019-02-25,163.72181701660156
2019-02-26,163.2344970703125
2019-02-27,161.9216766357422
2019-02-28,160.569091796875
2019-03-01,161.3945770263672
2019-03-04,166.45680236816406
2019-03-05,170.32557678222656
2019-03-06,171.5687713623047
2019-03-07,168.20721435546875
2019-03-08,168.67465209960938
2019-03-11,171.13116455078125
2019-03-12,170.9819793701172
2019-03-13,172.42405700683594
2019-03-14,169.2415313720703
2019-03-15,165.0743865966797
2019-03-18,159.59445190429688
2019-03-19,160.68846130371094
2019-03-20,164.53733825683594
2019-03-21,165.17384338378906
2019-03-22,163.44334411621094
2019-03-25,165.38270568847656
2019-03-26,166.76512145996094
2019-03-27,164.96499633789062
2019-03-28,164.64674377441406
2019-03-29,165.78050231933594
2019-04-01,167.779541015625
2019-04-02,173.24954223632812
2019-04-03,172.59315490722656
2019-04-04,175.0596160888672
2019-04-05,174.76126098632812
2019-04-08,173.9755401611328
2019-04-09,176.61109924316406
2019-04-10,176.84979248046875
2019-04-11,176.54148864746094
2019-04-12,178.122802734375
2019-04-15,178.66978454589844
2019-04-16,177.89407348632812
2019-04-17,177.8045654296875
2019-04-18,177.30726623535156
2019-04-22,180.4500274658203
2019-04-23,182.7772674560547
2019-04-24,181.58383178710938
2019-04-25,192.20553588867188
2019-04-26,190.44520568847656
2019-04-29,193.7172393798828
2019-04-30,192.3448028564453
2019-05-01,191.97679138183594
2019-05-02,191.4795379638672
2019-05-03,194.40347290039062
2019-05-06,192.8221893310547
2019-05-07,188.73458862304688
2019-05-08,188.50582885742188
2019-05-09,187.6206817626953
2019-05-10,187.3123779296875
2019-05-13,180.5494842529297
2019-05-14,179.74391174316406
2019-05-15,185.25369262695312
2019-05-16,185.96975708007812
2019-05-17,184.28897094726562
2019-05-20,181.72305297851562
2019-05-21,183.8115997314453
2019-05-22,184.30886840820312
2019-05-23,179.8831329345703
2019-05-24,180.07211303710938
2019-05-28,183.30438232421875
2019-05-29,181.19595336914062
2019-05-30,182.011474609375
2019-05-31,176.50169372558594
2019-06-03,163.25436401367188
2019-06-04,166.5861053466797
2019-06-05,167.25244140625
2019-06-06,167.4115753173828
2019-06-07,172.40419006347656
2019-06-10,173.8661651611328
2019-06-11,177.12828063964844
2019-06-12,174.08494567871094
2019-06-13,176.50169372558594
2019-06-14,180.3406219482422
2019-06-17,187.9787139892578
2019-06-18,187.44168090820312
2019-06-19,186.4570770263672
2019-06-20,188.4958953857422
2019-06-21,190.0970916748047
2019-06-24,191.5491485595703
2019-06-25,187.80966186523438
2019-06-26,186.6361083984375
2019-06-27,188.46607971191406
2019-06-28,191.9469757080078
2019-07-01,191.9469757080078
2019-07-02,193.93606567382812
2019-07-03,196.1240692138672
2019-07-05,195.32839965820312
2019-07-08,194.69189453125
2019-07-09,198.12310791015625
2019-07-10,201.62388610839844
2019-07-11,200.13204956054688
2019-07-12,203.752197265625
2019-07-15,202.7974395751953
2019-07-16,202.7278289794922
2019-07-17,200.698974609375
2019-07-18,199.6845245361328
2019-07-19,197.27772521972656
2019-07-22,201.21612548828125
2019-07-23,201.2559051513672
2019-07-24,203.54335021972656
2019-07-25,199.61488342285156
2019-07-26,198.66014099121094
2019-07-29,194.8709259033203
2019-07-30,195.9649200439453
2019-07-31,193.1702423095703
2019-08-01,191.67843627929688
2019-08-02,187.9886932373047
2019-08-05,180.7384490966797
2019-08-06,183.5032958984375
2019-08-07,184.13978576660156
2019-08-08,189.12246704101562
2019-08-09,186.8250732421875
2019-08-12,184.3585968017578
2019-08-13,187.42178344726562
2019-08-14,178.72947692871094
2019-08-15,181.59378051757812
2019-08-16,182.69769287109375
2019-08-19,185.15423583984375
2019-08-20,182.80711364746094
2019-08-21,182.5485382080078
2019-08-22,181.04678344726562
2019-08-23,176.78016662597656
2019-08-26,179.3759307861328
2019-08-27,180.31080627441406
2019-08-28,180.76828002929688
2019-08-29,184.55752563476562
2019-08-30,184.65696716308594
2019-09-03,181.39486694335938
2019-09-04,186.11892700195312
2019-09-05,189.85841369628906
2019-09-06,186.467041015625
2019-09-09,187.7301025390625
2019-09-10,185.15423583984375
2019-09-11,187.4615936279297
2019-09-12,186.4471435546875
2019-09-13,186.16867065429688
2019-09-16,185.20396423339844
2019-09-17,187.05380249023438
2019-09-18,187.1134796142578
2019-09-19,189.1025848388672
2019-09-20,188.8937225341797
2019-09-23,185.8007049560547
2019-09-24,180.29090881347656
2019-09-25,181.8026123046875
2019-09-26,179.1272735595703
2019-09-27,176.13372802734375
2019-09-30,177.10838317871094
2019-10-01,174.8507537841797
2019-10-02,173.64736938476562
2019-10-03,178.4012908935547
2019-10-04,179.46543884277344
2019-10-07,178.69961547851562
2019-10-08,176.78016662597656
2019-10-09,178.8686981201172
2019-10-10,179.0477294921875
2019-10-11,183.18504333496094
2019-10-14,182.27999877929688
2019-10-15,187.85939025878906
2019-10-16,188.51580810546875
2019-10-17,189.35121154785156
2019-10-18,184.8359832763672
2019-10-21,188.72463989257812
2019-10-22,181.3451385498047
2019-10-23,185.13433837890625
2019-10-24,185.36306762695312
2019-10-25,186.86485290527344
2019-10-28,188.3666229248047
2019-10-29,188.27711486816406
2019-10-30,187.222900390625
2019-10-31,190.60433959960938
2019-11-01,192.5635986328125
2019-11-04,193.65757751464844
2019-11-05,193.259765625
2019-11-06,190.5048828125
2019-11-07,189.3810272216797
2019-11-08,189.7987518310547
2019-11-11,188.57545471191406
2019-11-12,193.408935546875
2019-11-13,192.13592529296875
2019-11-14,192.09613037109375
2019-11-15,194.03553771972656
2019-11-18,196.3229522705078
2019-11-19,198.23248291015625
2019-11-20,196.43235778808594
2019-11-21,196.8500518798828
2019-11-22,197.73521423339844
2019-11-25,198.6999053955078
2019-11-26,197.8843994140625
2019-11-27,200.89785766601562
2019-11-29,200.53982543945312
2019-12-02,198.61041259765625
2019-12-03,197.73521423339844
2019-12-04,197.62582397460938
2019-12-05,198.27227783203125
2019-12-06,199.95303344726562
2019-12-09,200.24147033691406
2019-12-10,199.77401733398438
2019-12-11,201.1564483642578
2019-12-12,195.67652893066406
2019-12-13,193.0509033203125
2019-12-16,196.8401336669922
2019-12-17,197.30755615234375
2019-12-18,201.39512634277344
2019-12-19,204.9357147216797
2019-12-20,205.1743927001953
2019-12-23,205.0550537109375
2019-12-24,204.00083923339844
2019-12-26,206.65625
2019-12-27,206.96458435058594
2019-12-30,203.2947235107422
2019-12-31,204.13014221191406
2020-01-02,208.63539123535156
2020-01-03,207.53146362304688
2020-01-06,211.4400177001953
2020-01-07,211.89752197265625
2020-01-08,214.04574584960938
2020-01-09,217.10891723632812
2020-01-10,216.87022399902344
2020-01-13,220.69923400878906
2020-01-14,217.86476135253906
2020-01-15,219.94337463378906
2020-01-16,220.5599822998047
2020-01-17,220.92796325683594
2020-01-21,220.23179626464844
2020-01-22,220.11248779296875
2020-01-23,218.5609588623047
2020-01-24,216.75088500976562
2020-01-27,213.69761657714844
2020-01-28,216.60169982910156
2020-01-29,222.0120086669922
2020-01-30,208.38677978515625
2020-01-31,200.808349609375
2020-02-03,203.075927734375
2020-02-04,208.68515014648438
2020-02-05,208.963623046875
2020-02-06,209.6995849609375
2020-02-07,211.1715087890625
2020-02-10,211.89752197265625
2020-02-11,206.05953979492188
2020-02-12,209.6100616455078
2020-02-13,211.97708129882812
2020-02-14,213.0113983154297
2020-02-18,216.61166381835938
2020-02-19,216.30335998535156
2020-02-20,213.40924072265625
2020-02-21,209.033203125
2020-02-24,199.62486267089844
2020-02-25,195.6964111328125
2020-02-26,196.1240692138672
2020-02-27,188.71469116210938
2020-02-28,191.4198760986328
2020-03-02,195.36819458007812
2020-03-03,184.87576293945312
2020-03-04,190.71371459960938
2020-03-05,184.15969848632812
2020-03-06,180.10194396972656
2020-03-09,168.57521057128906
2020-03-10,177.21778869628906
2020-03-11,169.3111572265625
2020-03-12,153.627197265625
2020-03-13,169.35092163085938
2020-03-16,145.21336364746094
2020-03-17,148.60476684570312
2020-03-18,146.15817260742188
2020-03-19,152.29452514648438
2020-03-20,148.91305541992188
2020-03-23,147.29196166992188
2020-03-24,160.10166931152344
2020-03-25,155.35769653320312
2020-03-26,162.4487762451172
2020-03-27,155.9345245361328
2020-03-30,165.0445556640625
2020-03-31,165.88992309570312
2020-04-01,158.7292022705078
2020-04-02,157.32688903808594
2020-04-03,153.33877563476562
2020-04-06,164.64674377441406
2020-04-07,167.90884399414062
2020-04-08,173.3291015625
2020-04-09,174.234130859375
2020-04-13,173.83631896972656
2020-04-14,177.1978759765625
2020-04-15,176.00442504882812
2020-04-16,175.28834533691406
2020-04-17,178.2620391845703
2020-04-20,177.2675018310547
2020-04-21,169.86807250976562
2020-04-22,181.28546142578125
2020-04-23,184.11990356445312
2020-04-24,189.03294372558594
2020-04-27,186.4769744873047
2020-04-28,181.9120330810547
2020-04-29,193.13047790527344
2020-04-30,203.5930633544922
2020-05-01,201.16636657714844
2020-05-04,204.1400604248047
2020-05-05,205.940185546875
2020-05-06,207.33258056640625
2020-05-07,210.10733032226562
2020-05-08,211.19142150878906
2020-05-11,212.016845703125
2020-05-12,208.9536590576172
2020-05-13,203.98095703125
2020-05-14,205.6815948486328
2020-05-15,209.7294158935547
2020-05-18,212.0268096923828
2020-05-19,215.6966552734375
2020-05-20,228.71524047851562
2020-05-21,230.12750244140625
2020-05-22,233.6282958984375
2020-05-26,230.93307495117188
2020-05-27,227.88978576660156
2020-05-28,224.2298583984375
2020-05-29,223.8618621826172
2020-06-01,230.64466857910156
2020-06-02,231.45025634765625
2020-06-03,228.90420532226562
2020-06-04,225.05531311035156
2020-06-05,229.5109100341797
2020-06-08,230.13743591308594
2020-06-09,237.3677978515625
2020-06-10,235.43838500976562
2020-06-11,223.2054901123047
2020-06-12,227.3328399658203
2020-06-15,231.2314453125
2020-06-16,234.36427307128906
2020-06-17,234.24490356445312
2020-06-18,234.6527099609375
2020-06-19,237.48712158203125
2020-06-22,237.91477966308594
2020-06-23,240.91831970214844
2020-06-24,232.7431640625
2020-06-25,234.39410400390625
2020-06-26,214.90106201171875
2020-06-29,219.43617248535156
2020-06-30,225.83106994628906
2020-07-01,236.25390625
2020-07-02,232.14642333984375
2020-07-06,238.968994140625
2020-07-07,239.54583740234375
2020-07-08,242.25099182128906
2020-07-09,243.16595458984375
2020-07-10,243.7328643798828
2020-07-13,237.6959991455078
2020-07-14,238.42198181152344
2020-07-15,238.968994140625
2020-07-16,239.61544799804688
2020-07-17,240.70944213867188
2020-07-20,244.08096313476562
2020-07-21,240.43096923828125
2020-07-22,238.56121826171875
2020-07-23,231.33090209960938
2020-07-24,229.4512176513672
2020-07-27,232.2259979248047
2020-07-28,228.8644256591797
2020-07-29,232.01712036132812
2020-07-30,233.22055053710938
2020-07-31,252.2859344482422
2020-08-03,250.58526611328125
2020-08-04,248.46688842773438
2020-08-05,247.76075744628906
2020-08-06,263.83258056640625
2020-08-07,266.975341796875
2020-08-10,261.5650329589844
2020-08-11,254.73251342773438
2020-08-12,258.47198486328125
2020-08-13,259.8742980957031
2020-08-14,259.81463623046875
2020-08-17,259.7350769042969
2020-08-18,260.9086608886719
2020-08-19,261.15728759765625
2020-08-20,267.5422668457031
2020-08-21,265.55316162109375
2020-08-24,269.9093017578125
2020-08-25,279.2878112792969
2020-08-26,302.2518310546875
2020-08-27,291.6201171875
2020-08-28,292.0577087402344
2020-08-31,291.6003112792969
2020-09-01,293.8280334472656
2020-09-02,300.84954833984375
2020-09-03,289.5315856933594
2020-09-04,281.1874084472656
2020-09-08,269.6805114746094
2020-09-09,272.2265625
2020-09-10,266.6273193359375
2020-09-11,265.1553649902344
2020-09-14,264.6978454589844
2020-09-15,270.9336853027344
2020-09-16,262.0821838378906
2020-09-17,253.4296875
2020-09-18,251.1521453857422
2020-09-21,246.7960662841797
2020-09-22,253.3600616455078
2020-09-23,247.6613311767578
2020-09-24,248.16854858398438
2020-09-25,253.4296875
2020-09-28,255.41876220703125
2020-09-29,260.3616638183594
2020-09-30,260.4710388183594
2020-10-01,265.1752014160156
2020-10-02,258.5217590332031
2020-10-05,263.2060546875
2020-10-06,257.24871826171875
2020-10-07,256.711669921875
2020-10-08,262.3209228515625
2020-10-09,263.0071716308594
2020-10-12,274.2454833984375
2020-10-13,274.63336181640625
2020-10-14,270.3369140625
2020-10-15,265.2647399902344
2020-10-16,264.4790954589844
2020-10-19,259.97369384765625
2020-10-20,266.10015869140625
2020-10-21,277.209228515625
2020-10-22,276.6025390625
2020-10-23,283.2361755371094
2020-10-26,275.5979919433594
2020-10-27,281.74432373046875
2020-10-28,266.2095642089844
2020-10-29,279.2976989746094
2020-10-30,261.6744079589844
2020-11-02,259.9339599609375
2020-11-03,263.85247802734375
2020-11-04,285.81201171875
2020-11-05,293.07220458984375
2020-11-06,291.80914306640625
2020-11-09,277.2490234375
2020-11-10,270.94354248046875
2020-11-11,274.9714660644531
2020-11-12,273.5791015625
2020-11-13,275.4389343261719
2020-11-16,277.4379577636719
2020-11-17,273.4995422363281
2020-11-18,270.486083984375
2020-11-19,271.4508056640625
2020-11-20,268.2284851074219
2020-11-23,266.9654235839844
2020-11-24,275.4090881347656
2020-11-25,274.08636474609375
2020-11-27,276.29425048828125
2020-11-30,275.45880126953125
2020-12-01,284.98651123046875
2020-12-02,285.9512634277344
2020-12-03,280.31219482421875
2020-12-04,278.1739501953125
2020-12-07,284.0218200683594
2020-12-08,281.85369873046875
2020-12-09,276.4036560058594
2020-12-10,275.60797119140625
2020-12-11,272.0574951171875
2020-12-14,272.6939697265625
2020-12-15,274.04656982421875
2020-12-16,274.1659240722656
2020-12-17,272.9823913574219
2020-12-18,274.8919372558594
2020-12-21,271.3016662597656
2020-12-22,265.6327209472656
2020-12-23,266.6471252441406
2020-12-24,265.9410400390625
2020-12-28,275.4886169433594
2020-12-29,275.2698669433594
2020-12-30,270.38665771484375
2020-12-31,271.66961669921875
2021-01-04,267.47259521484375
2021-01-05,269.4915771484375
2021-01-06,261.87335205078125
2021-01-07,267.2737121582031
2021-01-08,266.1101379394531
2021-01-11,255.43862915039062
2021-01-12,249.7200164794922
2021-01-13,250.2670135498047
2021-01-14,244.2997589111328
2021-01-15,249.988525390625
2021-01-19,259.6754150390625
2021-01-20,266.0206298828125
2021-01-21,271.3811950683594
2021-01-22,273.0022888183594
2021-01-25,276.4931640625
2021-01-26,280.5110778808594
2021-01-27,270.6551818847656
2021-01-28,263.55413818359375
2021-01-29,256.9205017089844
2021-02-01,260.5804443359375
2021-02-02,265.6227722167969
2021-02-03,265.1951599121094
2021-02-04,265.0359802246094
2021-02-05,266.63714599609375
2021-02-08,265.1255187988281
2021-02-09,267.9798583984375
2021-02-10,270.38665771484375
2021-02-11,268.91473388671875
2021-02-12,269.02410888671875
2021-02-16,272.47515869140625
2021-02-17,272.0773620605469
2021-02-18,267.9201965332031
2021-02-19,260.13287353515625
2021-02-22,258.90960693359375
2021-02-23,264.4094543457031
2021-02-24,262.8678894042969
2021-02-25,253.3003692626953
2021-02-26,256.21435546875
2021-03-01,263.4646301269531
2021-03-02,257.5868835449219
2021-03-03,254.01644897460938
2021-03-04,256.23431396484375
2021-03-05,262.8380432128906
2021-03-08,253.91697692871094
2021-03-09,264.29010009765625
2021-03-10,263.45465087890625
2021-03-11,272.3856506347656
2021-03-12,266.93560791015625
2021-03-15,272.25640869140625
2021-03-16,277.7561950683594
2021-03-17,282.4603576660156
2021-03-18,277.0998229980469
2021-03-19,288.527099609375
2021-03-22,291.93841552734375
2021-03-23,289.0442810058594
2021-03-24,280.60064697265625
2021-03-25,277.21917724609375
2021-03-26,281.47576904296875
2021-03-29,289.2332458496094
2021-03-30,286.4286193847656
2021-03-31,292.9230041503906
2021-04-01,297.0304870605469
2021-04-05,307.2245788574219
2021-04-06,304.58905029296875
2021-04-07,311.3817443847656
2021-04-08,311.3121032714844
2021-04-09,310.7551574707031
2021-04-12,309.8402099609375
2021-04-13,308.06988525390625
2021-04-14,301.16778564453125
2021-04-15,306.1404724121094
2021-04-16,304.5093994140625
2021-04-19,300.5909423828125
2021-04-20,300.99871826171875
2021-04-21,299.8251647949219
2021-04-22,294.9021301269531
2021-04-23,299.48699951171875
2021-04-26,301.3865661621094
2021-04-27,301.9136962890625
2021-04-28,305.42437744140625
2021-04-29,327.712158203125
2021-04-30,323.30633544921875
2021-05-03,320.8199462890625
2021-05-04,316.6229553222656
2021-05-05,313.3011779785156
2021-05-06,318.2738952636719
2021-05-07,317.3390808105469
2021-05-10,304.30059814453125
2021-05-11,304.8575134277344
2021-05-12,300.8992614746094
2021-05-13,303.594482421875
2021-05-14,314.2161865234375
2021-05-17,313.73883056640625
2021-05-18,308.268798828125
2021-05-19,311.8789978027344
2021-05-20,316.8716125488281
2021-05-21,314.5046081542969
2021-05-24,322.8587646484375
2021-05-25,326.0015563964844
2021-05-26,325.8722229003906
2021-05-27,330.9344787597656
2021-05-28,326.9364013671875
2021-06-01,327.334228515625
2021-06-02,327.3541564941406
2021-06-03,324.26104736328125
2021-06-04,328.54754638671875
2021-06-07,334.7435302734375
2021-06-08,331.8594055175781
2021-06-09,328.4481506347656
2021-06-10,330.64605712890625
2021-06-11,329.4526062011719
2021-06-14,334.9325256347656
2021-06-15,334.91259765625
2021-06-16,329.2735595703125
2021-06-17,334.6739501953125
2021-06-18,327.8613586425781
2021-06-21,330.47698974609375
2021-06-22,337.1802062988281
2021-06-23,338.731689453125
2021-06-24,341.30755615234375
2021-06-25,339.5074157714844
2021-06-28,353.6995849609375
2021-06-29,349.9700622558594
2021-06-30,345.8128356933594
2021-07-01,352.4564208984375
2021-07-02,352.76470947265625
2021-07-06,350.85516357421875
2021-07-07,348.5777282714844
2021-07-08,343.7640380859375
2021-07-09,348.5080871582031
2021-07-12,351.23309326171875
2021-07-13,350.1689453125
2021-07-14,345.7333068847656
2021-07-15,342.5805969238281
2021-07-16,339.298583984375
2021-07-19,335.1116027832031
2021-07-20,339.7958679199219
2021-07-21,344.3409423828125
2021-07-22,349.27386474609375
2021-07-23,367.77239990234375
2021-07-26,370.42779541015625
2021-07-27,365.8031921386719
2021-07-28,371.24334716796875
2021-07-29,356.3649597167969
2021-07-30,354.3559265136719
2021-08-02,350.02972412109375
2021-08-03,349.3236083984375
2021-08-04,356.96173095703125
2021-08-05,360.9895324707031
2021-08-06,361.5267028808594
2021-08-09,359.6369934082031
2021-08-10,359.15966796875
2021-08-11,357.9959716796875
2021-08-12,360.6712951660156
2021-08-13,361.19842529296875
2021-08-16,364.55999755859375
2021-08-17,356.4942626953125
2021-08-18,353.5106506347656
2021-08-19,353.1824035644531
2021-08-20,357.40924072265625
2021-08-23,361.3675231933594
2021-08-24,363.5157165527344
2021-08-25,366.3800354003906
2021-08-26,362.39190673828125
2021-08-27,370.5968933105469
2021-08-30,378.58306884765625
2021-08-31,377.3100891113281
2021-09-01,379.9654846191406
2021-09-02,373.2324523925781
2021-09-03,374.20709228515625
2021-09-07,380.09478759765625
2021-09-08,375.5099182128906
2021-09-09,375.9376220703125
2021-09-10,376.6238098144531
2021-09-13,374.4556884765625
2021-09-14,374.4756164550781
2021-09-15,371.8798828125
2021-09-16,371.0245361328125
2021-09-17,362.7300720214844
2021-09-20,353.75927734375
2021-09-21,355.529541015625
2021-09-22,341.33740234375
2021-09-23,344.0723571777344
2021-09-24,351.0342102050781
2021-09-27,351.65081787109375
2021-09-28,338.79132080078125
2021-09-29,337.75701904296875
2021-09-30,337.5382995605469
2021-10-01,341.1385192871094
2021-10-04,324.4500732421875
2021-10-05,331.143310546875
2021-10-06,331.81964111328125
2021-10-07,327.4237365722656
2021-10-08,328.2491760253906
2021-10-11,323.6742858886719
2021-10-12,322.0034484863281
2021-10-13,322.769287109375
2021-10-14,326.73748779296875
2021-10-15,322.98809814453125
2021-10-18,333.51031494140625
2021-10-19,338.1349792480469
2021-10-20,338.920654296875
2021-10-21,340.0146484375
2021-10-22,322.8388671875
2021-10-25,326.8966064453125
2021-10-26,314.0869140625
2021-10-27,310.5164794921875
2021-10-28,315.19085693359375
2021-10-29,321.8045349121094
2021-11-01,328.1795959472656
2021-11-02,326.2899169921875
2021-11-03,329.8106689453125
2021-11-04,334.017578125
2021-11-05,339.2687683105469
2021-11-08,336.7724609375
2021-11-09,333.5401916503906
2021-11-10,325.85235595703125
2021-11-11,325.9518127441406
2021-11-12,339.0300598144531
2021-11-15,345.6636657714844
2021-11-16,341.0887145996094
2021-11-17,338.9106750488281
2021-11-18,336.842041015625
2021-11-19,343.416015625
2021-11-22,339.1494140625
2021-11-23,335.4098815917969
2021-11-24,339.19915771484375
2021-11-26,331.30242919921875
2021-11-29,336.1856689453125
2021-11-30,322.6896667480469
2021-12-01,308.9053039550781
2021-12-02,308.696533203125
2021-12-03,305.1658020019531
2021-12-06,316.1356506347656
2021-12-07,321.0487060546875
2021-12-08,328.7564392089844
2021-12-09,328.0204772949219
2021-12-10,327.9508056640625
2021-12-13,332.66497802734375
2021-12-14,331.9190673828125
2021-12-15,339.7958679199219
2021-12-16,333.0727233886719
2021-12-17,331.96881103515625
2021-12-20,323.6742858886719
2021-12-21,332.3765869140625
2021-12-22,328.64703369140625
2021-12-23,333.4108581542969
2021-12-27,344.2911682128906
2021-12-28,344.3309631347656
2021-12-29,341.0688781738281
2021-12-30,342.4811096191406
2021-12-31,334.5148010253906
2022-01-03,336.69287109375
2022-01-04,334.69384765625
2022-01-05,322.40130615234375
2022-01-06,330.64605712890625
2022-01-07,329.9797058105469
2022-01-10,326.2800598144531
2022-01-11,332.545654296875
2022-01-12,331.44171142578125
2022-01-13,324.69866943359375
2022-01-14,330.089111328125
2022-01-18,316.4141540527344
2022-01-19,317.8462829589844
2022-01-20,314.8327941894531
2022-01-21,301.5158996582031
2022-01-24,307.0256042480469
2022-01-25,298.5123596191406
2022-01-26,293.0224304199219
2022-01-27,293.0324401855469
2022-01-28,300.0638122558594
2022-01-31,311.5508117675781
2022-02-01,317.25946044921875
2022-02-02,321.23773193359375
2022-02-03,236.46273803710938
2022-02-04,235.79640197753906
2022-02-07,223.68287658691406
2022-02-08,218.97866821289062
2022-02-09,230.73419189453125
2022-02-10,226.82562255859375
2022-02-11,218.3520965576172
2022-02-14,216.51217651367188
2022-02-15,219.79420471191406
2022-02-16,215.3585205078125
2022-02-17,206.5767059326172
2022-02-18,205.03517150878906
2022-02-22,200.97743225097656
2022-02-23,197.36724853515625
2022-02-24,206.46731567382812
2022-02-25,209.3315887451172
2022-02-28,209.8785858154297
2022-03-01,202.37973022460938
2022-03-02,206.9745330810547
2022-03-03,201.86257934570312
2022-03-04,198.9684295654297
2022-03-07,186.4471435546875
2022-03-08,189.25173950195312
2022-03-09,197.41696166992188
2022-03-10,194.14491271972656
2022-03-11,186.5863800048828
2022-03-14,185.61172485351562
2022-03-15,190.98228454589844
2022-03-16,202.5189666748047
2022-03-17,206.70599365234375
2022-03-18,215.30880737304688
2022-03-21,210.3361053466797
2022-03-22,215.46791076660156
2022-03-23,212.29534912109375
2022-03-24,218.3719940185547
2022-03-25,220.60972595214844
2022-03-28,222.3700714111328
2022-03-29,228.60586547851562
2022-03-30,226.60682678222656
2022-03-31,221.14678955078125
2022-04-01,223.62318420410156
2022-04-04,232.61387634277344
2022-04-05,230.57504272460938
2022-04-06,222.0816192626953
2022-04-07,221.7335662841797
2022-04-08,221.116943359375
2022-04-11,215.2789764404297
2022-04-12,212.9716339111328
2022-04-13,213.81698608398438
2022-04-14,209.033203125
2022-04-18,209.62001037597656
2022-04-19,216.12432861328125
2022-04-20,199.32647705078125
2022-04-21,187.0438690185547
2022-04-22,183.10546875
2022-04-25,185.96975708007812
2022-04-26,179.9626922607422
2022-04-27,173.99545288085938
2022-04-28,204.60751342773438
2022-04-29,199.37620544433594
2022-05-02,209.9780731201172
2022-05-03,210.87313842773438
2022-05-04,222.1910400390625
2022-05-05,207.14361572265625
2022-05-06,202.658203125
2022-05-09,195.1394500732422
2022-05-10,196.57159423828125
2022-05-11,187.71023559570312
2022-05-12,190.1965789794922
2022-05-13,197.5363006591797
2022-05-16,198.94854736328125
2022-05-17,201.51449584960938
2022-05-18,191.1911163330078
2022-05-19,190.2462921142578
2022-05-20,192.48402404785156
2022-05-23,195.1593475341797
2022-05-24,180.29090881347656
2022-05-25,182.82701110839844
2022-05-26,190.58444213867188
2022-05-27,194.0653533935547
2022-05-31,192.58348083496094
2022-06-01,187.6107635498047
2022-06-02,197.77499389648438
2022-06-03,189.7390594482422
2022-06-06,193.19015502929688
2022-06-07,194.58250427246094
2022-06-08,195.56707763671875
2022-06-09,182.99607849121094
2022-06-10,174.61207580566406
2022-06-13,163.36378479003906
2022-06-14,162.836669921875
2022-06-15,168.42601013183594
2022-06-16,159.9922637939453
2022-06-17,162.84661865234375
2022-06-21,156.19313049316406
2022-06-22,154.99966430664062
2022-06-23,157.88385009765625
2022-06-24,169.23159790039062
2022-06-27,168.5652313232422
2022-06-28,159.80331420898438
2022-06-29,163.04554748535156
2022-06-30,160.3701934814453
2022-07-01,159.15684509277344
2022-07-05,167.27230834960938
2022-07-06,168.84371948242188
2022-07-07,171.25050354003906
2022-07-08,169.94766235351562
2022-07-11,161.99131774902344
2022-07-12,162.37918090820312
2022-07-13,162.59799194335938
2022-07-14,157.1876678466797
2022-07-15,163.8013458251953
2022-07-18,166.31756591796875
2022-07-19,174.82090759277344
2022-07-20,182.09103393554688
2022-07-21,182.17059326171875
2022-07-22,168.346435546875
2022-07-25,165.74072265625
2022-07-26,158.2816619873047
2022-07-27,168.65475463867188
2022-07-28,159.8430938720703
2022-07-29,158.23191833496094
2022-08-01,159.05738830566406
2022-08-02,159.31597900390625
2022-08-03,167.87901306152344
2022-08-04,169.63934326171875
2022-08-05,166.19821166992188
2022-08-08,169.3210906982422
2022-08-09,167.61045837402344
2022-08-10,177.366943359375
2022-08-11,176.5216064453125
2022-08-12,179.51516723632812
2022-08-15,179.9030303955078
2022-08-16,178.4907989501953
2022-08-17,173.89599609375
2022-08-18,173.70703125
2022-08-19,167.04359436035156
2022-08-22,162.16036987304688
2022-08-23,160.23095703125
2022-08-24,162.36923217773438
2022-08-25,167.85911560058594
2022-08-26,160.89730834960938
2022-08-29,158.3015594482422
2022-08-30,156.30250549316406
2022-08-31,162.041015625
2022-09-01,164.45777893066406
2022-09-02,159.4452667236328
2022-09-06,157.6749725341797
2022-09-07,159.514892578125
2022-09-08,161.17578125
2022-09-09,168.22708129882812
2022-09-12,168.0381317138672
2022-09-13,152.29452514648438
2022-09-14,150.6435546875
2022-09-15,148.7340545654297
2022-09-16,145.4918212890625
2022-09-19,147.21240234375
2022-09-20,145.2929229736328
2022-09-21,141.34457397460938
2022-09-22,142.040771484375
2022-09-23,139.64390563964844
2022-09-26,135.62594604492188
2022-09-27,133.66668701171875
2022-09-28,140.8373565673828
2022-09-29,135.66574096679688
2022-09-30,134.939697265625
2022-10-03,137.85372924804688
2022-10-04,139.51461791992188
2022-10-05,138.22169494628906
2022-10-06,138.31121826171875
2022-10-07,132.72186279296875
2022-10-10,133.05999755859375
2022-10-11,127.83865356445312
2022-10-12,126.80433654785156
2022-10-13,129.57911682128906
2022-10-14,126.0683822631836
2022-10-17,133.30865478515625
2022-10-18,132.07540893554688
2022-10-19,132.50306701660156
2022-10-20,130.81236267089844
2022-10-21,129.30064392089844
2022-10-24,129.01220703125
2022-10-25,136.75973510742188
2022-10-26,129.11167907714844
2022-10-27,97.40563201904297
2022-10-28,98.65874481201172
2022-10-31,92.6517105102539
2022-11-01,94.68057250976562
2022-11-02,90.04600524902344
2022-11-03,88.42489624023438
2022-11-04,90.29464721679688
2022-11-07,96.19227600097656
2022-11-08,95.94365692138672
2022-11-09,100.91636657714844
2022-11-10,111.25962829589844
2022-11-11,112.4033432006836
2022-11-14,113.5968017578125
2022-11-15,116.44120025634766
2022-11-16,112.61219787597656
2022-11-17,110.84190368652344
2022-11-18,111.43864440917969
2022-11-21,109.26058197021484
2022-11-22,110.83197021484375
2022-11-23,111.62760925292969
2022-11-25,110.80213165283203
2022-11-28,108.18647003173828
2022-11-29,108.8627700805664
2022-11-30,117.45563507080078
2022-12-01,119.78287506103516
2022-12-02,122.81622314453125
2022-12-05,121.76200103759766
2022-12-06,113.49734497070312
2022-12-07,113.30838775634766
2022-12-08,114.70074462890625
2022-12-09,115.26763916015625
2022-12-12,114.08412170410156
2022-12-13,119.49444580078125
2022-12-14,120.92657470703125
2022-12-15,115.51628112792969
2022-12-16,118.77837371826172
2022-12-19,113.85538482666016
2022-12-20,116.4511489868164
2022-12-21,119.10657501220703
2022-12-22,116.48098754882812
2022-12-23,117.39596557617188
2022-12-27,116.24229431152344
2022-12-28,114.9891586303711
2022-12-29,119.60384368896484
2022-12-30,119.68340301513672
2023-01-03,124.05940246582031
2023-01-04,126.67505645751953
2023-01-05,126.24739837646484
2023-01-06,129.3105926513672
2023-01-09,128.7635955810547
2023-01-10,132.26438903808594
2023-01-11,132.1649627685547
2023-01-12,135.96409606933594
2023-01-13,136.2326202392578
2023-01-17,134.62147521972656
2023-01-18,132.2942352294922
2023-01-19,135.40713500976562
2023-01-20,138.60958862304688
2023-01-23,142.48829650878906
2023-01-24,142.35899353027344
2023-01-25,140.72796630859375
2023-01-26,146.49630737304688
2023-01-27,150.91209411621094
2023-01-30,146.2576141357422
2023-01-31,148.15719604492188
2023-02-01,152.28453063964844
2023-02-02,187.74005126953125
2023-02-03,185.51226806640625
2023-02-06,185.04481506347656
2023-02-07,190.57449340820312
2023-02-08,182.4291534423828
2023-02-09,176.94923400878906
2023-02-10,173.1997833251953
2023-02-13,178.45101928710938
2023-02-14,178.500732421875
2023-02-15,176.19338989257812
2023-02-16,171.4991455078125
2023-02-17,171.93673706054688
2023-02-21,171.14112854003906
2023-02-22,170.18634033203125
2023-02-23,171.101318359375
2023-02-24,169.4603271484375
2023-02-27,168.61497497558594
2023-02-28,173.9855194091797
2023-03-01,172.4738006591797
2023-03-02,173.57772827148438
2023-03-03,184.2392578125
2023-03-06,183.89117431640625
2023-03-07,183.5032958984375
2023-03-08,183.96078491210938
2023-03-09,180.69866943359375
2023-03-10,178.5305633544922
2023-03-13,179.91297912597656
2023-03-14,192.96142578125
2023-03-15,196.67105102539062
2023-03-16,203.8118896484375
2023-03-17,194.54273986816406
2023-03-20,196.73072814941406
2023-03-21,201.05699157714844
2023-03-22,198.71981811523438
2023-03-23,203.1654052734375
2023-03-24,204.88597106933594
2023-03-27,201.7332763671875
2023-03-28,199.58505249023438
2023-03-29,204.22958374023438
2023-03-30,206.70599365234375
2023-03-31,210.7836151123047
2023-04-03,211.907470703125
2023-04-04,213.5484619140625
2023-04-05,210.3261260986328
2023-04-06,214.9209442138672
2023-04-10,213.5782928466797
2023-04-11,212.6831817626953
2023-04-12,212.8323974609375
2023-04-13,219.14773559570312
2023-04-14,220.2815399169922
2023-04-17,217.66587829589844
2023-04-18,216.70115661621094
2023-04-19,214.52313232421875
2023-04-20,211.907470703125
2023-04-21,211.7284393310547
2023-04-24,211.6289825439453
2023-04-25,206.41757202148438
2023-04-26,208.25747680664062
2023-04-27,237.2583770751953
2023-04-28,239.0087890625
2023-05-01,241.8531494140625
2023-05-02,237.93467712402344
2023-05-03,235.73672485351562
2023-05-04,232.24588012695312
2023-05-05,231.50991821289062
2023-05-08,231.99725341796875
2023-05-09,232.0966796875
2023-05-10,231.80828857421875
2023-05-11,234.5034637451172
2023-05-12,232.5343017578125
2023-05-15,237.55674743652344
2023-05-16,237.51695251464844
2023-05-17,241.16696166992188
2023-05-18,245.50315856933594
2023-05-19,244.2997589111328
2023-05-22,246.96514892578125
2023-05-23,245.3937530517578
2023-05-24,247.8502655029297
2023-05-25,251.31129455566406
2023-05-26,260.6102600097656
2023-05-30,261.087646484375
2023-05-31,263.2756652832031
2023-06-01,271.12255859375
2023-06-02,271.12255859375
2023-06-05,269.9093017578125
2023-06-06,269.6407470703125
2023-06-07,262.1617431640625
2023-06-08,263.1363830566406
2023-06-09,263.5044250488281
2023-06-12,269.57110595703125
2023-06-13,269.83966064453125
2023-06-14,271.8586120605469
2023-06-15,280.29229736328125
2023-06-16,279.46685791015625
2023-06-20,282.77862548828125
2023-06-21,280.10333251953125
2023-06-22,283.3256530761719
2023-06-23,287.1546630859375
2023-06-26,276.9506530761719
2023-06-27,285.4837951660156
2023-06-28,283.7333984375
2023-06-29,279.99395751953125
2023-06-30,285.4142150878906
2023-07-03,284.4594421386719
2023-07-05,292.7638854980469
2023-07-06,290.3968200683594
2023-07-07,288.94482421875
2023-07-10,292.4953918457031
2023-07-11,296.6625061035156
2023-07-12,307.6521911621094
2023-07-13,311.70001220703125
2023-07-14,307.18475341796875
2023-07-17,308.92523193359375
2023-07-18,310.3473815917969
2023-07-19,314.28582763671875
2023-07-20,300.869384765625
2023-07-21,292.65447998046875
2023-07-24,290.0189208984375
2023-07-25,292.86334228515625
2023-07-26,296.94097900390625
2023-07-27,310.00927734375
2023-07-28,323.7041320800781
2023-07-31,316.8616943359375
2023-08-01,320.9492492675781
2023-08-02,312.5950927734375
2023-08-03,311.481201171875
2023-08-04,309.0346374511719
2023-08-07,314.8327941894531
2023-08-08,310.9342041015625
2023-08-09,303.5447082519531
2023-08-10,304.0718688964844
2023-08-11,299.9942321777344
2023-08-14,304.5193786621094
2023-08-15,300.3025207519531
2023-08-16,292.684326171875
2023-08-17,283.5345153808594
2023-08-18,281.70452880859375
2023-08-21,288.31829833984375
2023-08-22,286.0307922363281
2023-08-23,292.63458251953125
2023-08-24,285.18548583984375
2023-08-25,283.9422912597656
2023-08-28,288.6763000488281
2023-08-29,296.3641052246094
2023-08-30,293.4898986816406
2023-08-31,294.275634765625
2023-09-01,294.762939453125
2023-09-05,298.5123596191406
2023-09-06,297.5376892089844
2023-09-07,297.0404357910156
2023-09-08,296.26470947265625
2023-09-11,305.8819274902344
2023-09-12,300.0141296386719
2023-09-13,303.39556884765625
2023-09-14,310.0191955566406
2023-09-15,298.6714782714844
2023-09-18,300.8992614746094
2023-09-19,303.4054870605469
2023-09-20,298.0350036621094
2023-09-21,294.1164855957031
2023-09-22,297.4481506347656
2023-09-25,299.18865966796875
2023-09-26,297.32879638671875
2023-09-27,296.1155090332031
2023-09-28,302.301513671875
2023-09-29,298.5719909667969
2023-10-02,305.14593505859375
2023-10-03,299.29803466796875
2023-10-04,303.9127502441406
2023-10-05,303.12701416015625
2023-10-06,313.708984375
2023-10-09,316.6229553222656
2023-10-10,320.083984375
2023-10-11,326.0313720703125
2023-10-12,322.391357421875
2023-10-13,312.9730224609375
2023-10-16,319.3977355957031
2023-10-17,322.232177734375
2023-10-18,315.2406005859375
2023-10-19,311.103271484375
2023-10-20,306.9659729003906
2023-10-23,312.2967224121094
2023-10-24,310.8446960449219
2023-10-25,297.8957214355469
2023-10-26,286.7767639160156
2023-10-27,295.1109924316406
2023-10-30,301.0086669921875
2023-10-31,299.6261901855469
2023-11-01,310.14849853515625
2023-11-02,309.17388916015625
2023-11-03,312.8835144042969
2023-11-06,314.0769348144531
2023-11-07,317.08050537109375
2023-11-08,318.03521728515625
2023-11-09,318.801025390625
2023-11-10,326.9761962890625
2023-11-13,327.3938903808594
2023-11-14,334.4750671386719
2023-11-15,330.8946533203125
2023-11-16,332.3666076660156
2023-11-17,333.2120056152344
2023-11-20,338.1150817871094
2023-11-21,335.1413879394531
2023-11-22,339.6267395019531
2023-11-24,336.38458251953125
2023-11-27,332.87384033203125
2023-11-28,337.1404113769531
2023-11-29,330.38751220703125
2023-11-30,325.3650207519531
2023-12-01,323.0477600097656
2023-12-04,318.2738952636719
2023-12-05,316.5533752441406
2023-12-06,315.71795654296875
2023-12-07,324.8080749511719
2023-12-08,330.9344787597656
2023-12-11,323.5052490234375
2023-12-12,332.39642333984375
2023-12-13,332.9136047363281
2023-12-14,331.3522033691406
2023-12-15,333.0926818847656
2023-12-18,342.73974609375
2023-12-19,348.4483947753906
2023-12-20,347.374267578125
2023-12-21,352.15802001953125
2023-12-22,351.4618835449219
2023-12-26,352.89398193359375
2023-12-27,355.87762451171875
2023-12-28,356.3649597167969
2023-12-29,352.0287170410156
2024-01-02,344.400634765625
2024-01-03,342.59051513671875
2024-01-04,345.2261047363281
2024-01-05,350.02972412109375
2024-01-08,356.7031555175781
2024-01-09,355.47979736328125
2024-01-10,368.44866943359375
2024-01-11,367.65301513671875
2024-01-12,372.44671630859375
2024-01-16,365.455078125
2024-01-17,366.360107421875
2024-01-18,374.0777282714844
2024-01-19,381.35784912109375
2024-01-22,379.69696044921875
2024-01-23,383.0982971191406
2024-01-24,388.5683288574219
2024-01-25,391.0347595214844
2024-01-26,391.98956298828125
2024-01-29,398.8319396972656
2024-01-30,397.8771667480469
2024-01-31,388.0113525390625
2024-02-01,392.62603759765625
2024-02-02,472.39837646484375
2024-02-05,456.9034423828125
2024-02-06,452.2389831542969
2024-02-07,467.02783203125
2024-02-08,467.4356384277344
2024-02-09,465.5558776855469
2024-02-12,466.3415832519531
2024-02-13,457.6095275878906
2024-02-14,470.69769287109375
2024-02-15,481.3890686035156
2024-02-16,470.7375183105469
2024-02-20,469.1760559082031
2024-02-21,465.9702453613281
2024-02-22,483.9906005859375
2024-02-23,481.89984130859375
2024-02-26,479.6199035644531
2024-02-27,484.9065246582031
2024-02-28,481.88983154296875
2024-02-29,487.9730224609375
2024-03-01,500.0893859863281
2024-03-04,495.99755859375
2024-03-05,488.0625915527344
2024-03-06,493.90673828125
2024-03-07,509.9358825683594
2024-03-08,503.723388671875
2024-03-11,481.4617614746094
2024-03-12,497.5506591796875
2024-03-13,493.3890380859375
2024-03-14,489.6654968261719
2024-03-15,481.9695129394531
2024-03-18,494.7928466796875
2024-03-19,494.0560607910156
2024-03-20,503.2952575683594
2024-03-21,505.5253601074219
2024-03-22,507.3373718261719
2024-03-25,500.80621337890625
2024-03-26,493.7076110839844
2024-03-27,491.6865539550781
2024-03-28,483.4429931640625
2024-04-01,489.1875915527344
2024-04-02,495.18109130859375
2024-04-03,504.5098876953125
2024-04-04,508.6715087890625
2024-04-05,525.0191650390625
2024-04-08,516.96484375
2024-04-09,514.6251220703125
2024-04-10,517.5423583984375
2024-04-11,520.857666015625
2024-04-12,509.64715576171875
2024-04-15,498.028564453125
2024-04-16,497.56060791015625
2024-04-17,491.9952087402344
2024-04-18,499.59161376953125
2024-04-19,478.9528503417969
2024-04-22,479.6099548339844
2024-04-23,493.9167175292969
2024-04-24,491.3281555175781
2024-04-25,439.4375305175781
2024-04-26,441.3391418457031
2024-04-29,430.7160339355469
2024-04-30,428.2768859863281
2024-05-01,437.2571716308594
2024-05-02,439.7362060546875
2024-05-03,449.970947265625
2024-05-06,463.6305847167969
2024-05-07,466.1793212890625
2024-05-08,470.5201416015625
2024-05-09,473.3277587890625
2024-05-10,474.10430908203125
2024-05-13,465.9503479003906
2024-05-14,469.7734680175781
2024-05-15,479.4207763671875
2024-05-16,471.1473693847656
2024-05-17,469.83319091796875
2024-05-20,466.77667236328125
2024-05-21,462.5852355957031
2024-05-22,465.7213439941406
2024-05-23,463.7301330566406
2024-05-24,476.1153869628906
2024-05-28,477.80792236328125
2024-05-29,472.2723693847656
2024-05-30,464.9945373535156
2024-05-31,464.7755126953125
2024-06-03,475.3885803222656
2024-06-04,474.8908386230469
2024-06-05,492.8812561035156
2024-06-06,491.5870361328125
2024-06-07,490.79052734375
2024-06-10,500.38812255859375
2024-06-11,505.2366943359375
2024-06-12,506.6006164550781
2024-06-13,501.8815002441406
2024-06-14,502.4396057128906
2024-06-17,504.90118408203125
2024-06-18,497.7854919433594
2024-06-20,499.9880065917969
2024-06-21,493.09161376953125
2024-06-24,497.20751953125
2024-06-25,508.8576354980469
2024-06-26,511.3689880371094
2024-06-27,517.7870483398438
2024-06-28,502.4993896484375
2024-07-01,502.9577941894531
2024-07-02,507.7613830566406
2024-07-03,508.21978759765625
2024-07-05,538.0675048828125
2024-07-08,527.5137329101562
2024-07-09,528.19140625
2024-07-10,532.8654174804688
2024-07-11,510.95050048828125
2024-07-12,497.1676330566406
2024-07-15,494.4668884277344
2024-07-16,488.11865234375
2024-07-17,460.4134826660156
2024-07-18,474.2261962890625
2024-07-19,475.16302490234375
2024-07-22,485.7367858886719
2024-07-23,487.02239990234375
2024-07-24,459.6959533691406
2024-07-25,451.8627624511719
2024-07-26,464.1108703613281
2024-07-29,464.12078857421875
2024-07-30,461.60943603515625
2024-07-31,473.2096862792969
2024-08-01,496.04150390625
2024-08-02,486.4742736816406
2024-08-05,474.10662841796875
2024-08-06,492.4039306640625
2024-08-07,487.25164794921875
2024-08-08,507.8909606933594
2024-08-09,516.0032348632812
2024-08-12,514.1893920898438
2024-08-13,526.7364501953125
2024-08-14,524.9624633789062
2024-08-15,535.4964599609375
2024-08-16,525.6201782226562
2024-08-19,527.473876953125
2024-08-20,524.9325561523438
2024-08-21,533.3338012695312
2024-08-22,530.1148071289062
2024-08-23,526.1983032226562
2024-08-26,519.3417358398438
2024-08-27,517.3285522460938
2024-08-28,515.0166015625
2024-08-29,516.4515991210938
2024-08-30,519.5310668945312
2024-09-03,510.013671875
2024-09-04,510.99029541015625
2024-09-05,515.0963134765625
2024-09-06,498.5628662109375
2024-09-09,503.06744384765625
2024-09-10,503.06744384765625
2024-09-11,510.0833740234375
2024-09-12,523.8064575195312
2024-09-13,522.8297729492188
2024-09-16,531.96728515625
2024-09-17,534.9998168945312
2024-09-18,536.625732421875
2024-09-19,557.7236328125
2024-09-20,559.9680786132812
2024-09-23,563.0205688476562
2024-09-24,561.9432983398438
2024-09-25,566.9109497070312
2024-09-26,566.4421997070312
2024-09-27,565.9633178710938
2024-09-30,571.0308227539062
2024-10-01,575.0509033203125
2024-10-02,571.3999633789062
2024-10-03,581.3353881835938
2024-10-04,594.4730224609375
2024-10-07,583.3404541015625
2024-10-08,591.4304809570312
2024-10-09,589.0563354492188
2024-10-10,582.3927612304688
2024-10-11,588.4977416992188
2024-10-14,588.9664916992188
2024-10-15,584.8267822265625
2024-10-16,575.3701171875
2024-10-17,575.5098266601562
2024-10-18,575.0509033203125
2024-10-21,573.7440795898438
2024-10-22,580.5773315429688
2024-10-23,562.3023071289062
2024-10-24,566.38232421875
2024-10-25,571.8388061523438
2024-10-28,576.7366943359375
2024-10-29,591.819580078125
2024-10-30,590.3431396484375
2024-10-31,566.1828002929688
2024-11-01,565.7638549804688
2024-11-04,559.2997436523438
2024-11-05,571.0208129882812
2024-11-06,570.6417846679688
2024-11-07,590.2434692382812
2024-11-08,587.8892822265625
2024-11-11,581.734375
2024-11-12,583.38037109375
2024-11-13,578.5722045898438
2024-11-14,575.7391967773438
2024-11-15,552.7160034179688
2024-11-18,553.0352783203125
2024-11-19,559.7088012695312
2024-11-20,564.1278686523438
2024-11-21,561.703857421875
2024-11-22,557.763671875
2024-11-25,563.7189331054688
2024-11-26,572.1281127929688
2024-11-27,567.798828125
2024-11-29,572.90625
2024-12-02,591.3706665039062
2024-12-03,612.139404296875
2024-12-04,612.2691040039062
2024-12-05,607.4309692382812
2024-12-06,622.2344970703125
2024-12-09,612.0595703125
2024-12-10,617.7954711914062
2024-12-11,631.1224975585938
2024-12-12,629.2371826171875
2024-12-13,618.8228759765625
2024-12-16,623.2056274414062
2024-12-17,618.41357421875
2024-12-18,596.200439453125
2024-12-19,594.5830688476562
2024-12-20,584.2802124023438
2024-12-23,598.8560180664062
2024-12-24,606.742919921875
2024-12-26,602.3502197265625
2024-12-27,598.8161010742188
2024-12-30,590.26025390625
2024-12-31,584.539794921875
2025-01-02,598.2470092773438
2025-01-03,603.6280517578125
2025-01-06,629.15576171875
2025-01-07,616.8661499023438
2025-01-08,609.7080078125
2025-01-10,614.8394775390625
2025-01-13,607.322021484375
2025-01-14,593.2653198242188
2025-01-15,616.097412109375
2025-01-16,610.2869873046875
2025-01-17,611.754638671875
2025-01-21,615.4385375976562
2025-01-22,622.4668579101562
2025-01-23,635.3953857421875
2025-01-24,646.4170532226562
2025-01-27,658.7865600585938
2025-01-28,673.2125854492188
2025-01-29,675.3690185546875
2025-01-30,685.8616333007812
2025-01-31,688.0379638671875
2025-02-03,696.3043212890625
2025-02-04,703.0231323242188
2025-02-05,703.7020263671875
2025-02-06,710.8101806640625
2025-02-07,713.3359985351562
2025-02-10,716.2112426757812
2025-02-11,718.6072387695312
2025-02-12,724.1780395507812
2025-02-13,727.352783203125
2025-02-14,735.4493408203125
2025-02-18,715.1829223632812
2025-02-19,702.6038818359375
2025-02-20,693.6886596679688
2025-02-21,682.4172973632812
2025-02-24,667.0228881835938
2025-02-25,656.4105224609375
2025-02-26,672.5836791992188
2025-02-27,657.1492919921875
2025-02-28,667.0927734375
2025-03-03,653.9645385742188
2025-03-04,638.939453125
2025-03-05,655.3822021484375
2025-03-06,626.8894653320312
2025-03-07,624.6232299804688
2025-03-10,596.9990844726562
2025-03-11,604.7063598632812
2025-03-12,618.5333862304688
2025-03-13,589.6613159179688
2025-03-14,607.1328125
2025-03-17,604.4349365234375
2025-03-18,581.9122314453125
2025-03-19,583.6109619140625
2025-03-20,585.5494384765625
2025-03-21,595.7915649414062
2025-03-24,618.3742065429688
2025-03-25,625.8284912109375
2025-03-26,610.51025390625
2025-03-27,602.11669921875
2025-03-28,576.2965698242188
2025-03-31,575.9168701171875
2025-04-01,585.5494384765625
2025-04-02,583.4810180664062
2025-04-03,531.2112426757812
2025-04-04,504.3419494628906
2025-04-07,515.8530883789062
2025-04-08,510.05755615234375
2025-04-09,585.3196411132812
2025-04-10,545.8699951171875
2025-04-11,543.152099609375
2025-04-14,531.0713500976562
2025-04-15,521.1190795898438
2025-04-16,501.9237976074219
2025-04-17,501.0944519042969
2025-04-21,484.2873840332031
2025-04-22,499.8953552246094
2025-04-23,519.8699951171875
2025-04-24,532.7401123046875
2025-04-25,546.8492431640625
2025-04-28,549.3173217773438
2025-04-29,554.0137329101562
2025-04-30,548.577880859375
2025-05-01,571.7700805664062
2025-05-02,596.56103515625
2025-05-05,598.8092651367188
2025-05-06,586.8584594726562
2025-05-07,596.3511352539062
2025-05-08,597.5502319335938
2025-05-09,592.0344848632812
2025-05-12,638.9383544921875
2025-05-13,655.525634765625
2025-05-14,658.85302734375
2025-05-15,643.3849487304688
2025-05-16,639.8477172851562
2025-05-19,639.9376220703125
2025-05-20,636.6101684570312
2025-05-21,635.0114135742188
2025-05-22,636.08056640625
2025-05-23,626.577880859375
2025-05-27,641.826171875
2025-05-28,643.085205078125
2025-05-29,644.5540771484375
2025-05-30,646.9921875
2025-06-02,670.3842163085938
2025-06-03,666.3372802734375
2025-06-04,687.4210815429688
2025-06-05,684.0936279296875
2025-06-06,697.173583984375
2025-06-09,693.5263671875
2025-06-10,701.8599853515625
2025-06-11,693.6063232421875
2025-06-12,692.826904296875
2025-06-13,682.344970703125
2025-06-16,702.1199951171875
2025-06-17,697.22998046875
2025-06-18,695.77001953125
2025-06-20,682.3499755859375
2025-06-23,698.530029296875
2025-06-24,712.2000122070312
2025-06-25,708.6799926757812
2025-06-26,726.0900268554688
2025-06-27,733.6300048828125
