date,title,description,sentiment,confidence
2025-06-29,Promising Value Stocks To Add to Your Watchlist – June 27th,"Invesco QQQ, Circle Internet Group, CoreWeave, JPMorgan Chase & Co., UnitedHealth Group, Boeing, and Intel are the seven Value stocks to watch today, according to MarketBeat’s stock screener tool. Value stocks are shares of companies that appear to be trading…",neutral,0.9453383088111877
2025-06-29,Healthcare Stocks To Watch Today – June 27th,"Alphabet, Hims & Hers Health, UnitedHealth Group, GE Aerospace, Salesforce, Oracle, and ServiceNow are the seven Healthcare stocks to watch today, according to MarketBeat’s stock screener tool. Healthcare stocks are shares of publicly traded companies operati…",neutral,0.9443870782852173
2025-06-28,Why UNH Deserves a Spot in Your Dividend Watchlist,UnitedHealth Group Incorporated (NYSE:UNH) is a major health insurer and one of the Best Stocks to Buy for Dividends. The company has faced setbacks this...,negative,0.6016079783439636
2025-06-27,Promising Value Stocks Worth Watching – June 25th,"Invesco QQQ, Circle Internet Group, CoreWeave, UnitedHealth Group, BP, FedEx, and ProShares UltraPro Short QQQ are the seven Value stocks to watch today, according to MarketBeat’s stock screener tool. Value stocks are shares of companies that appear to be tra…",neutral,0.9445416927337646
2025-06-27,Insurance Stocks To Consider – June 25th,"Tesla, UnitedHealth Group, and Berkshire Hathaway are the three Insurance stocks to watch today, according to MarketBeat’s stock screener tool. Insurance stocks are publicly traded shares of companies that underwrite and sell insurance policies—such as life, …",neutral,0.9442330598831177
2025-06-27,UnitedHealth Group (NYSE:UNH) Given New $385.00 Price Target at UBS Group,"UnitedHealth Group (NYSE:UNH – Get Free Report) had its target price lowered by equities researchers at UBS Group from $400.00 to $385.00 in a research note issued on Wednesday,Benzinga reports. The firm currently has a “buy” rating on the healthcare conglome…",negative,0.8509665727615356
2025-06-27,Best Healthcare Stocks To Follow Today – June 25th,"Alphabet, Hims & Hers Health, UnitedHealth Group, Oracle, Salesforce, ServiceNow, and GE Aerospace are the seven Healthcare stocks to watch today, according to MarketBeat’s stock screener tool. Healthcare stocks are shares of publicly traded companies operati…",neutral,0.9477035999298096
2025-06-26,Insurance Stocks To Follow Today – June 24th,"Tesla, UnitedHealth Group, and Berkshire Hathaway are the three Insurance stocks to watch today, according to MarketBeat’s stock screener tool. Insurance stocks are equity securities representing ownership in publicly traded insurance companies. They allow in…",neutral,0.9519741535186768
2025-06-26,Promising Financial Stocks To Keep An Eye On – June 23rd,"Circle Internet Group, Coinbase Global, UnitedHealth Group, Northern Trust, Robinhood Markets, ProShares UltraPro Short QQQ, and Visa are the seven Financial stocks to watch today, according to MarketBeat’s stock screener tool. Financial stocks are equity sha…",neutral,0.9260433316230774
2025-06-26,UnitedHealth Group (NYSE:UNH) Stock Price Down 1.4% Following Analyst Downgrade,UnitedHealth Group Incorporated (NYSE:UNH – Get Free Report) shares fell 1.4% during trading on Wednesday after UBS Group lowered their price target on the stock from $400.00 to $385.00. UBS Group currently has a buy rating on the stock. UnitedHealth Group tr…,negative,0.9725038409233093
2025-06-25,UnitedHealth Group Incorporated (NYSE:UNH) Receives Average Rating of “Moderate Buy” from Analysts,"Shares of UnitedHealth Group Incorporated (NYSE:UNH – Get Free Report) have received an average rating of “Moderate Buy” from the twenty-five ratings firms that are currently covering the company, MarketBeat Ratings reports. One analyst has rated the stock wi…",neutral,0.6679620742797852
2025-06-25,Top Healthcare Stocks Worth Watching – June 23rd,"Hims & Hers Health, Alphabet, UnitedHealth Group, Oracle, Salesforce, GE Aerospace, and Vertiv are the seven Healthcare stocks to watch today, according to MarketBeat’s stock screener tool. Healthcare stocks are shares of publicly traded companies operating i…",neutral,0.9479498267173767
2025-06-24,Top Value Stocks Worth Watching – June 22nd,"Invesco QQQ, Circle Internet Group, CoreWeave, UnitedHealth Group, and JPMorgan Chase & Co. are the five Value stocks to watch today, according to MarketBeat’s stock screener tool. Value stocks are shares of companies that trade at prices perceived to be belo…",neutral,0.9355990290641785
2025-06-24,Best Insurance Stocks To Watch Today – June 22nd,"Tesla, UnitedHealth Group, Berkshire Hathaway, Progressive, and Caterpillar are the five Insurance stocks to watch today, according to MarketBeat’s stock screener tool. Insurance stocks represent shares in companies that underwrite and manage risk by offering…",neutral,0.9470052123069763
2025-06-24,Retail Stocks To Follow Now – June 22nd,"Tesla, Apple, Microsoft, Amazon.com, and UnitedHealth Group are the five Retail stocks to watch today, according to MarketBeat’s stock screener tool. Retail stocks are shares of publicly traded companies whose core business involves selling consumer goods and…",neutral,0.9493870139122009
2025-06-24,Top Medical Stocks To Watch Today – June 22nd,"UnitedHealth Group, Eli Lilly and Company, Johnson & Johnson, Hims & Hers Health, Merck & Co., Inc., Gilead Sciences, and AbbVie are the seven Medical stocks to watch today, according to MarketBeat’s stock screener tool. Medical stocks are shares of publicly …",neutral,0.9423153400421143
2025-06-24,Best Financial Stocks To Consider – June 22nd,"Circle Internet Group, Coinbase Global, Visa, UnitedHealth Group, Mastercard, JPMorgan Chase & Co., and Berkshire Hathaway are the seven Financial stocks to watch today, according to MarketBeat’s stock screener tool. Financial stocks are shares of companies o…",neutral,0.9418653845787048
2025-06-24,"Bragar Eagel & Squire, P.C. Reminds Investors That Class Action Lawsuits Have Been Filed Against UnitedHealth, Bitfarms, and Reddit and Encourages Investors to Contact the Firm","NEW YORK, June 23, 2025 (GLOBE NEWSWIRE) -- Bragar Eagel & Squire, P.C., a nationally recognized shareholder rights law firm, reminds investors that class actions have been commenced on behalf of stockholders of UnitedHealth Group Incorporated (NYSE: UNH), Bi…",neutral,0.7969873547554016
